<list>
  <TMAspot>
    <original__filename>..\spots_B_05_5_top_left.png</original__filename>
    <bgCorrected__filename></bgCorrected__filename>
    <nuclei>      
    	<TMApoint>
        <x>1468</x>
        <y>129</y>
        <label>0</label>
        <goldStandard>1</goldStandard>
      </TMApoint>
      <TMApoint>
        <x>1431</x>
        <y>122</y>
        <label>0</label>
        <goldStandard>1</goldStandard>
      </TMApoint>
      <TMApoint>
        <x>1457</x>
        <y>214</y>
        <label>0</label>
        <goldStandard>1</goldStandard>
      </TMApoint>
      <TMApoint>
        <x>1445</x>
        <y>243</y>
        <label>0</label>
        <goldStandard>1</goldStandard>
      </TMApoint>
      <TMApoint>
        <x>1413</x>
        <y>244</y>
        <label>1</label>
        <goldStandard>1</goldStandard>
      </TMApoint>
      <TMApoint>
        <x>1430</x>
        <y>275</y>
        <label>0</label>
        <goldStandard>1</goldStandard>
      </TMApoint>
      <TMApoint>
        <x>1465</x>
        <y>282</y>
        <label>0</label>
        <goldStandard>1</goldStandard>
      </TMApoint>
      <TMApoint>
        <x>1489</x>
        <y>298</y>
        <label>1</label>
        <goldStandard>1</goldStandard>
      </TMApoint>
      <TMApoint>
        <x>1489</x>
        <y>231</y>
        <label>1</label>
        <goldStandard>1</goldStandard>
      </TMApoint>
      <TMApoint>
        <x>1398</x>
        <y>158</y>
        <label>1</label>
        <goldStandard>1</goldStandard>
      </TMApoint>
      <TMApoint>
        <x>1362</x>
        <y>137</y>
        <label>1</label>
        <goldStandard>1</goldStandard>
      </TMApoint>
      <TMApoint>
        <x>1367</x>
        <y>277</y>
        <label>0</label>
        <goldStandard>1</goldStandard>
      </TMApoint>
      <TMApoint>
        <x>1297</x>
        <y>271</y>
        <label>1</label>
        <goldStandard>1</goldStandard>
      </TMApoint>
      <TMApoint>
        <x>1302</x>
        <y>326</y>
        <label>1</label>
        <goldStandard>1</goldStandard>
      </TMApoint>
      <TMApoint>
        <x>1329</x>
        <y>377</y>
        <label>1</label>
        <goldStandard>1</goldStandard>
      </TMApoint>
      <TMApoint>
        <x>1375</x>
        <y>335</y>
        <label>1</label>
        <goldStandard>1</goldStandard>
      </TMApoint>
      <TMApoint>
        <x>1489</x>
        <y>391</y>
        <label>1</label>
        <goldStandard>1</goldStandard>
      </TMApoint>
      <TMApoint>
        <x>1443</x>
        <y>446</y>
        <label>1</label>
        <goldStandard>1</goldStandard>
      </TMApoint>
      <TMApoint>
        <x>1413</x>
        <y>457</y>
        <label>1</label>
        <goldStandard>1</goldStandard>
      </TMApoint>
      <TMApoint>
        <x>1366</x>
        <y>478</y>
        <label>1</label>
        <goldStandard>1</goldStandard>
      </TMApoint>
      <TMApoint>
        <x>1439</x>
        <y>527</y>
        <label>1</label>
        <goldStandard>1</goldStandard>
      </TMApoint>
      <TMApoint>
        <x>1394</x>
        <y>562</y>
        <label>0</label>
        <goldStandard>1</goldStandard>
      </TMApoint>
      <TMApoint>
        <x>1390</x>
        <y>634</y>
        <label>0</label>
        <goldStandard>1</goldStandard>
      </TMApoint>
      <TMApoint>
        <x>1460</x>
        <y>696</y>
        <label>1</label>
        <goldStandard>1</goldStandard>
      </TMApoint>
      <TMApoint>
        <x>1398</x>
        <y>685</y>
        <label>1</label>
        <goldStandard>1</goldStandard>
      </TMApoint>
      <TMApoint>
        <x>1305</x>
        <y>677</y>
        <label>0</label>
        <goldStandard>1</goldStandard>
      </TMApoint>
      <TMApoint>
        <x>1283</x>
        <y>608</y>
        <label>0</label>
        <goldStandard>1</goldStandard>
      </TMApoint>
      <TMApoint>
        <x>1305</x>
        <y>538</y>
        <label>0</label>
        <goldStandard>1</goldStandard>
      </TMApoint>
      <TMApoint>
        <x>1299</x>
        <y>491</y>
        <label>1</label>
        <goldStandard>1</goldStandard>
      </TMApoint>
      <TMApoint>
        <x>1269</x>
        <y>477</y>
        <label>1</label>
        <goldStandard>1</goldStandard>
      </TMApoint>
      <TMApoint>
        <x>1278</x>
        <y>448</y>
        <label>1</label>
        <goldStandard>1</goldStandard>
      </TMApoint>
      <TMApoint>
        <x>1198</x>
        <y>426</y>
        <label>0</label>
        <goldStandard>1</goldStandard>
      </TMApoint>
      <TMApoint>
        <x>1223</x>
        <y>424</y>
        <label>0</label>
        <goldStandard>1</goldStandard>
      </TMApoint>
      <TMApoint>
        <x>1254</x>
        <y>373</y>
        <label>1</label>
        <goldStandard>1</goldStandard>
      </TMApoint>
      <TMApoint>
        <x>1169</x>
        <y>318</y>
        <label>1</label>
        <goldStandard>1</goldStandard>
      </TMApoint>
      <TMApoint>
        <x>1163</x>
        <y>363</y>
        <label>1</label>
        <goldStandard>1</goldStandard>
      </TMApoint>
      <TMApoint>
        <x>1135</x>
        <y>359</y>
        <label>1</label>
        <goldStandard>1</goldStandard>
      </TMApoint>
      <TMApoint>
        <x>1154</x>
        <y>458</y>
        <label>1</label>
        <goldStandard>1</goldStandard>
      </TMApoint>
      <TMApoint>
        <x>1194</x>
        <y>233</y>
        <label>1</label>
        <goldStandard>1</goldStandard>
      </TMApoint>
      <TMApoint>
        <x>1182</x>
        <y>203</y>
        <label>1</label>
        <goldStandard>1</goldStandard>
      </TMApoint>
      <TMApoint>
        <x>1219</x>
        <y>267</y>
        <label>1</label>
        <goldStandard>1</goldStandard>
      </TMApoint>
      <TMApoint>
        <x>1250</x>
        <y>252</y>
        <label>1</label>
        <goldStandard>1</goldStandard>
      </TMApoint>
      <TMApoint>
        <x>1229</x>
        <y>217</y>
        <label>1</label>
        <goldStandard>1</goldStandard>
      </TMApoint>
      <TMApoint>
        <x>1390</x>
        <y>164</y>
        <label>1</label>
        <goldStandard>1</goldStandard>
      </TMApoint>
      <TMApoint>
        <x>1347</x>
        <y>429</y>
        <label>1</label>
        <goldStandard>1</goldStandard>
      </TMApoint>
      <TMApoint>
        <x>1271</x>
        <y>480</y>
        <label>1</label>
        <goldStandard>1</goldStandard>
      </TMApoint>
      <TMApoint>
        <x>1209</x>
        <y>664</y>
        <label>1</label>
        <goldStandard>1</goldStandard>
      </TMApoint>
      <TMApoint>
        <x>1209</x>
        <y>628</y>
        <label>1</label>
        <goldStandard>1</goldStandard>
      </TMApoint>
      <TMApoint>
        <x>1279</x>
        <y>708</y>
        <label>0</label>
        <goldStandard>1</goldStandard>
      </TMApoint>
      <TMApoint>
        <x>1171</x>
        <y>699</y>
        <label>1</label>
        <goldStandard>1</goldStandard>
      </TMApoint>
      <TMApoint>
        <x>1207</x>
        <y>688</y>
        <label>1</label>
        <goldStandard>1</goldStandard>
      </TMApoint>
      <TMApoint>
        <x>1100</x>
        <y>679</y>
        <label>0</label>
        <goldStandard>1</goldStandard>
      </TMApoint>
      <TMApoint>
        <x>1128</x>
        <y>696</y>
        <label>1</label>
        <goldStandard>1</goldStandard>
      </TMApoint>
      <TMApoint>
        <x>1163</x>
        <y>669</y>
        <label>1</label>
        <goldStandard>1</goldStandard>
      </TMApoint>
      <TMApoint>
        <x>1147</x>
        <y>602</y>
        <label>1</label>
        <goldStandard>1</goldStandard>
      </TMApoint>
      <TMApoint>
        <x>1125</x>
        <y>575</y>
        <label>0</label>
        <goldStandard>1</goldStandard>
      </TMApoint>
      <TMApoint>
        <x>1098</x>
        <y>600</y>
        <label>0</label>
        <goldStandard>1</goldStandard>
      </TMApoint>
      <TMApoint>
        <x>1074</x>
        <y>637</y>
        <label>1</label>
        <goldStandard>1</goldStandard>
      </TMApoint>
      <TMApoint>
        <x>1029</x>
        <y>666</y>
        <label>0</label>
        <goldStandard>1</goldStandard>
      </TMApoint>
      <TMApoint>
        <x>1002</x>
        <y>624</y>
        <label>0</label>
        <goldStandard>1</goldStandard>
      </TMApoint>
      <TMApoint>
        <x>961</x>
        <y>647</y>
        <label>0</label>
        <goldStandard>1</goldStandard>
      </TMApoint>
      <TMApoint>
        <x>966</x>
        <y>691</y>
        <label>1</label>
        <goldStandard>1</goldStandard>
      </TMApoint>
      <TMApoint>
        <x>917</x>
        <y>689</y>
        <label>1</label>
        <goldStandard>1</goldStandard>
      </TMApoint>
      <TMApoint>
        <x>853</x>
        <y>705</y>
        <label>1</label>
        <goldStandard>1</goldStandard>
      </TMApoint>
      <TMApoint>
        <x>799</x>
        <y>712</y>
        <label>0</label>
        <goldStandard>1</goldStandard>
      </TMApoint>
      <TMApoint>
        <x>826</x>
        <y>659</y>
        <label>0</label>
        <goldStandard>1</goldStandard>
      </TMApoint>
      <TMApoint>
        <x>792</x>
        <y>644</y>
        <label>1</label>
        <goldStandard>1</goldStandard>
      </TMApoint>
      <TMApoint>
        <x>777</x>
        <y>593</y>
        <label>0</label>
        <goldStandard>1</goldStandard>
      </TMApoint>
      <TMApoint>
        <x>840</x>
        <y>608</y>
        <label>1</label>
        <goldStandard>1</goldStandard>
      </TMApoint>
      <TMApoint>
        <x>836</x>
        <y>561</y>
        <label>1</label>
        <goldStandard>1</goldStandard>
      </TMApoint>
      <TMApoint>
        <x>808</x>
        <y>574</y>
        <label>1</label>
        <goldStandard>1</goldStandard>
      </TMApoint>
      <TMApoint>
        <x>870</x>
        <y>514</y>
        <label>0</label>
        <goldStandard>1</goldStandard>
      </TMApoint>
      <TMApoint>
        <x>834</x>
        <y>472</y>
        <label>0</label>
        <goldStandard>1</goldStandard>
      </TMApoint>
      <TMApoint>
        <x>781</x>
        <y>501</y>
        <label>1</label>
        <goldStandard>1</goldStandard>
      </TMApoint>
      <TMApoint>
        <x>771</x>
        <y>472</y>
        <label>1</label>
        <goldStandard>1</goldStandard>
      </TMApoint>
      <TMApoint>
        <x>901</x>
        <y>453</y>
        <label>0</label>
        <goldStandard>1</goldStandard>
      </TMApoint>
      <TMApoint>
        <x>919</x>
        <y>411</y>
        <label>1</label>
        <goldStandard>1</goldStandard>
      </TMApoint>
      <TMApoint>
        <x>898</x>
        <y>378</y>
        <label>1</label>
        <goldStandard>1</goldStandard>
      </TMApoint>
      <TMApoint>
        <x>902</x>
        <y>558</y>
        <label>1</label>
        <goldStandard>1</goldStandard>
      </TMApoint>
      <TMApoint>
        <x>932</x>
        <y>469</y>
        <label>1</label>
        <goldStandard>1</goldStandard>
      </TMApoint>
      <TMApoint>
        <x>945</x>
        <y>386</y>
        <label>1</label>
        <goldStandard>1</goldStandard>
      </TMApoint>
      <TMApoint>
        <x>970</x>
        <y>380</y>
        <label>1</label>
        <goldStandard>1</goldStandard>
      </TMApoint>
      <TMApoint>
        <x>956</x>
        <y>321</y>
        <label>1</label>
        <goldStandard>1</goldStandard>
      </TMApoint>
      <TMApoint>
        <x>994</x>
        <y>348</y>
        <label>1</label>
        <goldStandard>1</goldStandard>
      </TMApoint>
      <TMApoint>
        <x>1005</x>
        <y>386</y>
        <label>1</label>
        <goldStandard>1</goldStandard>
      </TMApoint>
      <TMApoint>
        <x>981</x>
        <y>428</y>
        <label>1</label>
        <goldStandard>1</goldStandard>
      </TMApoint>
      <TMApoint>
        <x>971</x>
        <y>479</y>
        <label>1</label>
        <goldStandard>1</goldStandard>
      </TMApoint>
      <TMApoint>
        <x>952</x>
        <y>574</y>
        <label>1</label>
        <goldStandard>1</goldStandard>
      </TMApoint>
      <TMApoint>
        <x>929</x>
        <y>598</y>
        <label>1</label>
        <goldStandard>1</goldStandard>
      </TMApoint>
      <TMApoint>
        <x>975</x>
        <y>553</y>
        <label>1</label>
        <goldStandard>1</goldStandard>
      </TMApoint>
      <TMApoint>
        <x>1001</x>
        <y>545</y>
        <label>1</label>
        <goldStandard>1</goldStandard>
      </TMApoint>
      <TMApoint>
        <x>1035</x>
        <y>561</y>
        <label>1</label>
        <goldStandard>1</goldStandard>
      </TMApoint>
      <TMApoint>
        <x>1044</x>
        <y>531</y>
        <label>1</label>
        <goldStandard>1</goldStandard>
      </TMApoint>
      <TMApoint>
        <x>1067</x>
        <y>349</y>
        <label>1</label>
        <goldStandard>1</goldStandard>
      </TMApoint>
      <TMApoint>
        <x>1007</x>
        <y>315</y>
        <label>1</label>
        <goldStandard>1</goldStandard>
      </TMApoint>
      <TMApoint>
        <x>1064</x>
        <y>496</y>
        <label>1</label>
        <goldStandard>1</goldStandard>
      </TMApoint>
      <TMApoint>
        <x>1014</x>
        <y>461</y>
        <label>1</label>
        <goldStandard>1</goldStandard>
      </TMApoint>
      <TMApoint>
        <x>1045</x>
        <y>428</y>
        <label>1</label>
        <goldStandard>1</goldStandard>
      </TMApoint>
      <TMApoint>
        <x>1099</x>
        <y>302</y>
        <label>1</label>
        <goldStandard>1</goldStandard>
      </TMApoint>
      <TMApoint>
        <x>1112</x>
        <y>413</y>
        <label>0</label>
        <goldStandard>1</goldStandard>
      </TMApoint>
      <TMApoint>
        <x>1115</x>
        <y>239</y>
        <label>1</label>
        <goldStandard>1</goldStandard>
      </TMApoint>
      <TMApoint>
        <x>1170</x>
        <y>563</y>
        <label>0</label>
        <goldStandard>1</goldStandard>
      </TMApoint>
      <TMApoint>
        <x>1384</x>
        <y>741</y>
        <label>1</label>
        <goldStandard>1</goldStandard>
      </TMApoint>
      <TMApoint>
        <x>1404</x>
        <y>772</y>
        <label>1</label>
        <goldStandard>1</goldStandard>
      </TMApoint>
      <TMApoint>
        <x>1429</x>
        <y>800</y>
        <label>1</label>
        <goldStandard>1</goldStandard>
      </TMApoint>
      <TMApoint>
        <x>1458</x>
        <y>811</y>
        <label>0</label>
        <goldStandard>1</goldStandard>
      </TMApoint>
      <TMApoint>
        <x>1464</x>
        <y>844</y>
        <label>0</label>
        <goldStandard>1</goldStandard>
      </TMApoint>
      <TMApoint>
        <x>1488</x>
        <y>849</y>
        <label>1</label>
        <goldStandard>1</goldStandard>
      </TMApoint>
      <TMApoint>
        <x>1431</x>
        <y>888</y>
        <label>1</label>
        <goldStandard>1</goldStandard>
      </TMApoint>
      <TMApoint>
        <x>1449</x>
        <y>940</y>
        <label>1</label>
        <goldStandard>1</goldStandard>
      </TMApoint>
      <TMApoint>
        <x>1399</x>
        <y>938</y>
        <label>1</label>
        <goldStandard>1</goldStandard>
      </TMApoint>
      <TMApoint>
        <x>1485</x>
        <y>911</y>
        <label>1</label>
        <goldStandard>1</goldStandard>
      </TMApoint>
      <TMApoint>
        <x>1446</x>
        <y>981</y>
        <label>1</label>
        <goldStandard>1</goldStandard>
      </TMApoint>
      <TMApoint>
        <x>1467</x>
        <y>996</y>
        <label>1</label>
        <goldStandard>1</goldStandard>
      </TMApoint>
      <TMApoint>
        <x>1491</x>
        <y>1014</y>
        <label>1</label>
        <goldStandard>1</goldStandard>
      </TMApoint>
      <TMApoint>
        <x>1425</x>
        <y>1001</y>
        <label>1</label>
        <goldStandard>1</goldStandard>
      </TMApoint>
      <TMApoint>
        <x>1397</x>
        <y>1005</y>
        <label>1</label>
        <goldStandard>1</goldStandard>
      </TMApoint>
      <TMApoint>
        <x>1388</x>
        <y>1075</y>
        <label>1</label>
        <goldStandard>1</goldStandard>
      </TMApoint>
      <TMApoint>
        <x>1421</x>
        <y>1039</y>
        <label>1</label>
        <goldStandard>1</goldStandard>
      </TMApoint>
      <TMApoint>
        <x>1431</x>
        <y>1070</y>
        <label>1</label>
        <goldStandard>1</goldStandard>
      </TMApoint>
      <TMApoint>
        <x>1420</x>
        <y>1094</y>
        <label>1</label>
        <goldStandard>1</goldStandard>
      </TMApoint>
      <TMApoint>
        <x>1456</x>
        <y>1028</y>
        <label>1</label>
        <goldStandard>1</goldStandard>
      </TMApoint>
      <TMApoint>
        <x>1466</x>
        <y>1069</y>
        <label>1</label>
        <goldStandard>1</goldStandard>
      </TMApoint>
      <TMApoint>
        <x>1471</x>
        <y>1111</y>
        <label>1</label>
        <goldStandard>1</goldStandard>
      </TMApoint>
      <TMApoint>
        <x>1417</x>
        <y>1131</y>
        <label>1</label>
        <goldStandard>1</goldStandard>
      </TMApoint>
      <TMApoint>
        <x>1443</x>
        <y>1162</y>
        <label>1</label>
        <goldStandard>1</goldStandard>
      </TMApoint>
      <TMApoint>
        <x>1486</x>
        <y>1181</y>
        <label>1</label>
        <goldStandard>1</goldStandard>
      </TMApoint>
      <TMApoint>
        <x>1465</x>
        <y>1260</y>
        <label>1</label>
        <goldStandard>1</goldStandard>
      </TMApoint>
      <TMApoint>
        <x>1485</x>
        <y>1288</y>
        <label>1</label>
        <goldStandard>1</goldStandard>
      </TMApoint>
      <TMApoint>
        <x>1392</x>
        <y>1219</y>
        <label>1</label>
        <goldStandard>1</goldStandard>
      </TMApoint>
      <TMApoint>
        <x>1383</x>
        <y>1173</y>
        <label>1</label>
        <goldStandard>1</goldStandard>
      </TMApoint>
      <TMApoint>
        <x>1351</x>
        <y>1203</y>
        <label>1</label>
        <goldStandard>1</goldStandard>
      </TMApoint>
      <TMApoint>
        <x>1315</x>
        <y>1178</y>
        <label>1</label>
        <goldStandard>1</goldStandard>
      </TMApoint>
      <TMApoint>
        <x>1360</x>
        <y>1144</y>
        <label>1</label>
        <goldStandard>1</goldStandard>
      </TMApoint>
      <TMApoint>
        <x>1388</x>
        <y>1310</y>
        <label>1</label>
        <goldStandard>1</goldStandard>
      </TMApoint>
      <TMApoint>
        <x>1306</x>
        <y>1339</y>
        <label>0</label>
        <goldStandard>1</goldStandard>
      </TMApoint>
      <TMApoint>
        <x>1300</x>
        <y>1263</y>
        <label>1</label>
        <goldStandard>1</goldStandard>
      </TMApoint>
      <TMApoint>
        <x>1319</x>
        <y>1234</y>
        <label>1</label>
        <goldStandard>1</goldStandard>
      </TMApoint>
      <TMApoint>
        <x>1265</x>
        <y>1200</y>
        <label>0</label>
        <goldStandard>1</goldStandard>
      </TMApoint>
      <TMApoint>
        <x>1242</x>
        <y>1223</y>
        <label>0</label>
        <goldStandard>1</goldStandard>
      </TMApoint>
      <TMApoint>
        <x>1214</x>
        <y>1248</y>
        <label>1</label>
        <goldStandard>1</goldStandard>
      </TMApoint>
      <TMApoint>
        <x>1204</x>
        <y>1209</y>
        <label>1</label>
        <goldStandard>1</goldStandard>
      </TMApoint>
      <TMApoint>
        <x>1224</x>
        <y>1335</y>
        <label>1</label>
        <goldStandard>1</goldStandard>
      </TMApoint>
      <TMApoint>
        <x>1183</x>
        <y>1357</y>
        <label>0</label>
        <goldStandard>1</goldStandard>
      </TMApoint>
      <TMApoint>
        <x>1147</x>
        <y>1367</y>
        <label>1</label>
        <goldStandard>1</goldStandard>
      </TMApoint>
      <TMApoint>
        <x>1095</x>
        <y>1358</y>
        <label>1</label>
        <goldStandard>1</goldStandard>
      </TMApoint>
      <TMApoint>
        <x>1070</x>
        <y>1374</y>
        <label>1</label>
        <goldStandard>1</goldStandard>
      </TMApoint>
      <TMApoint>
        <x>984</x>
        <y>1362</y>
        <label>1</label>
        <goldStandard>1</goldStandard>
      </TMApoint>
      <TMApoint>
        <x>1051</x>
        <y>1331</y>
        <label>1</label>
        <goldStandard>1</goldStandard>
      </TMApoint>
      <TMApoint>
        <x>1110</x>
        <y>1311</y>
        <label>1</label>
        <goldStandard>1</goldStandard>
      </TMApoint>
      <TMApoint>
        <x>1080</x>
        <y>1308</y>
        <label>1</label>
        <goldStandard>1</goldStandard>
      </TMApoint>
      <TMApoint>
        <x>1112</x>
        <y>1227</y>
        <label>0</label>
        <goldStandard>1</goldStandard>
      </TMApoint>
      <TMApoint>
        <x>1075</x>
        <y>1228</y>
        <label>0</label>
        <goldStandard>1</goldStandard>
      </TMApoint>
      <TMApoint>
        <x>1034</x>
        <y>1266</y>
        <label>1</label>
        <goldStandard>1</goldStandard>
      </TMApoint>
      <TMApoint>
        <x>1057</x>
        <y>1255</y>
        <label>1</label>
        <goldStandard>1</goldStandard>
      </TMApoint>
      <TMApoint>
        <x>1082</x>
        <y>1282</y>
        <label>1</label>
        <goldStandard>1</goldStandard>
      </TMApoint>
      <TMApoint>
        <x>977</x>
        <y>1302</y>
        <label>1</label>
        <goldStandard>1</goldStandard>
      </TMApoint>
      <TMApoint>
        <x>961</x>
        <y>1262</y>
        <label>1</label>
        <goldStandard>1</goldStandard>
      </TMApoint>
      <TMApoint>
        <x>869</x>
        <y>1363</y>
        <label>0</label>
        <goldStandard>1</goldStandard>
      </TMApoint>
      <TMApoint>
        <x>895</x>
        <y>1331</y>
        <label>1</label>
        <goldStandard>1</goldStandard>
      </TMApoint>
      <TMApoint>
        <x>867</x>
        <y>1297</y>
        <label>0</label>
        <goldStandard>1</goldStandard>
      </TMApoint>
      <TMApoint>
        <x>891</x>
        <y>1280</y>
        <label>1</label>
        <goldStandard>1</goldStandard>
      </TMApoint>
      <TMApoint>
        <x>835</x>
        <y>1234</y>
        <label>0</label>
        <goldStandard>1</goldStandard>
      </TMApoint>
      <TMApoint>
        <x>886</x>
        <y>1231</y>
        <label>1</label>
        <goldStandard>1</goldStandard>
      </TMApoint>
      <TMApoint>
        <x>939</x>
        <y>1213</y>
        <label>1</label>
        <goldStandard>1</goldStandard>
      </TMApoint>
      <TMApoint>
        <x>796</x>
        <y>1313</y>
        <label>1</label>
        <goldStandard>1</goldStandard>
      </TMApoint>
      <TMApoint>
        <x>767</x>
        <y>1344</y>
        <label>1</label>
        <goldStandard>1</goldStandard>
      </TMApoint>
      <TMApoint>
        <x>772</x>
        <y>1303</y>
        <label>1</label>
        <goldStandard>1</goldStandard>
      </TMApoint>
      <TMApoint>
        <x>793</x>
        <y>1274</y>
        <label>1</label>
        <goldStandard>1</goldStandard>
      </TMApoint>
      <TMApoint>
        <x>786</x>
        <y>1216</y>
        <label>1</label>
        <goldStandard>1</goldStandard>
      </TMApoint>
      <TMApoint>
        <x>803</x>
        <y>1175</y>
        <label>1</label>
        <goldStandard>1</goldStandard>
      </TMApoint>
      <TMApoint>
        <x>863</x>
        <y>1144</y>
        <label>1</label>
        <goldStandard>1</goldStandard>
      </TMApoint>
      <TMApoint>
        <x>779</x>
        <y>1140</y>
        <label>1</label>
        <goldStandard>1</goldStandard>
      </TMApoint>
      <TMApoint>
        <x>772</x>
        <y>1168</y>
        <label>1</label>
        <goldStandard>1</goldStandard>
      </TMApoint>
      <TMApoint>
        <x>767</x>
        <y>1246</y>
        <label>1</label>
        <goldStandard>1</goldStandard>
      </TMApoint>
      <TMApoint>
        <x>873</x>
        <y>1079</y>
        <label>1</label>
        <goldStandard>1</goldStandard>
      </TMApoint>
      <TMApoint>
        <x>966</x>
        <y>1100</y>
        <label>0</label>
        <goldStandard>1</goldStandard>
      </TMApoint>
      <TMApoint>
        <x>1018</x>
        <y>1055</y>
        <label>0</label>
        <goldStandard>1</goldStandard>
      </TMApoint>
      <TMApoint>
        <x>985</x>
        <y>1038</y>
        <label>1</label>
        <goldStandard>1</goldStandard>
      </TMApoint>
      <TMApoint>
        <x>1105</x>
        <y>1038</y>
        <label>0</label>
        <goldStandard>1</goldStandard>
      </TMApoint>
      <TMApoint>
        <x>1071</x>
        <y>1014</y>
        <label>1</label>
        <goldStandard>1</goldStandard>
      </TMApoint>
      <TMApoint>
        <x>1126</x>
        <y>996</y>
        <label>0</label>
        <goldStandard>1</goldStandard>
      </TMApoint>
      <TMApoint>
        <x>1142</x>
        <y>1057</y>
        <label>1</label>
        <goldStandard>1</goldStandard>
      </TMApoint>
      <TMApoint>
        <x>1151</x>
        <y>1117</y>
        <label>1</label>
        <goldStandard>1</goldStandard>
      </TMApoint>
      <TMApoint>
        <x>1166</x>
        <y>1151</y>
        <label>1</label>
        <goldStandard>1</goldStandard>
      </TMApoint>
      <TMApoint>
        <x>1147</x>
        <y>1179</y>
        <label>1</label>
        <goldStandard>1</goldStandard>
      </TMApoint>
      <TMApoint>
        <x>1164</x>
        <y>1208</y>
        <label>1</label>
        <goldStandard>1</goldStandard>
      </TMApoint>
      <TMApoint>
        <x>1127</x>
        <y>1194</y>
        <label>1</label>
        <goldStandard>1</goldStandard>
      </TMApoint>
      <TMApoint>
        <x>1080</x>
        <y>1160</y>
        <label>1</label>
        <goldStandard>1</goldStandard>
      </TMApoint>
      <TMApoint>
        <x>1202</x>
        <y>1138</y>
        <label>1</label>
        <goldStandard>1</goldStandard>
      </TMApoint>
      <TMApoint>
        <x>1258</x>
        <y>1125</y>
        <label>1</label>
        <goldStandard>1</goldStandard>
      </TMApoint>
      <TMApoint>
        <x>1215</x>
        <y>1071</y>
        <label>1</label>
        <goldStandard>1</goldStandard>
      </TMApoint>
      <TMApoint>
        <x>1241</x>
        <y>1055</y>
        <label>1</label>
        <goldStandard>1</goldStandard>
      </TMApoint>
      <TMApoint>
        <x>1325</x>
        <y>1039</y>
        <label>1</label>
        <goldStandard>1</goldStandard>
      </TMApoint>
      <TMApoint>
        <x>1314</x>
        <y>999</y>
        <label>1</label>
        <goldStandard>1</goldStandard>
      </TMApoint>
      <TMApoint>
        <x>1281</x>
        <y>972</y>
        <label>1</label>
        <goldStandard>1</goldStandard>
      </TMApoint>
      <TMApoint>
        <x>1225</x>
        <y>1005</y>
        <label>1</label>
        <goldStandard>1</goldStandard>
      </TMApoint>
      <TMApoint>
        <x>1192</x>
        <y>1008</y>
        <label>1</label>
        <goldStandard>1</goldStandard>
      </TMApoint>
      <TMApoint>
        <x>1195</x>
        <y>965</y>
        <label>1</label>
        <goldStandard>1</goldStandard>
      </TMApoint>
      <TMApoint>
        <x>1246</x>
        <y>1274</y>
        <label>1</label>
        <goldStandard>1</goldStandard>
      </TMApoint>
      <TMApoint>
        <x>1157</x>
        <y>1293</y>
        <label>1</label>
        <goldStandard>1</goldStandard>
      </TMApoint>
      <TMApoint>
        <x>1269</x>
        <y>866</y>
        <label>1</label>
        <goldStandard>1</goldStandard>
      </TMApoint>
      <TMApoint>
        <x>1363</x>
        <y>868</y>
        <label>1</label>
        <goldStandard>1</goldStandard>
      </TMApoint>
      <TMApoint>
        <x>1360</x>
        <y>792</y>
        <label>1</label>
        <goldStandard>1</goldStandard>
      </TMApoint>
      <TMApoint>
        <x>1198</x>
        <y>802</y>
        <label>1</label>
        <goldStandard>1</goldStandard>
      </TMApoint>
      <TMApoint>
        <x>1209</x>
        <y>752</y>
        <label>1</label>
        <goldStandard>1</goldStandard>
      </TMApoint>
      <TMApoint>
        <x>1138</x>
        <y>806</y>
        <label>1</label>
        <goldStandard>1</goldStandard>
      </TMApoint>
      <TMApoint>
        <x>1164</x>
        <y>825</y>
        <label>1</label>
        <goldStandard>1</goldStandard>
      </TMApoint>
      <TMApoint>
        <x>1223</x>
        <y>877</y>
        <label>1</label>
        <goldStandard>1</goldStandard>
      </TMApoint>
      <TMApoint>
        <x>1249</x>
        <y>923</y>
        <label>1</label>
        <goldStandard>1</goldStandard>
      </TMApoint>
      <TMApoint>
        <x>1337</x>
        <y>938</y>
        <label>1</label>
        <goldStandard>1</goldStandard>
      </TMApoint>
      <TMApoint>
        <x>1190</x>
        <y>888</y>
        <label>1</label>
        <goldStandard>1</goldStandard>
      </TMApoint>
      <TMApoint>
        <x>995</x>
        <y>939</y>
        <label>0</label>
        <goldStandard>1</goldStandard>
      </TMApoint>
      <TMApoint>
        <x>930</x>
        <y>1014</y>
        <label>1</label>
        <goldStandard>1</goldStandard>
      </TMApoint>
      <TMApoint>
        <x>947</x>
        <y>1041</y>
        <label>1</label>
        <goldStandard>1</goldStandard>
      </TMApoint>
      <TMApoint>
        <x>982</x>
        <y>983</y>
        <label>1</label>
        <goldStandard>1</goldStandard>
      </TMApoint>
      <TMApoint>
        <x>936</x>
        <y>972</y>
        <label>1</label>
        <goldStandard>1</goldStandard>
      </TMApoint>
      <TMApoint>
        <x>892</x>
        <y>999</y>
        <label>1</label>
        <goldStandard>1</goldStandard>
      </TMApoint>
      <TMApoint>
        <x>903</x>
        <y>962</y>
        <label>1</label>
        <goldStandard>1</goldStandard>
      </TMApoint>
      <TMApoint>
        <x>922</x>
        <y>947</y>
        <label>1</label>
        <goldStandard>1</goldStandard>
      </TMApoint>
      <TMApoint>
        <x>939</x>
        <y>939</y>
        <label>1</label>
        <goldStandard>1</goldStandard>
      </TMApoint>
      <TMApoint>
        <x>917</x>
        <y>902</y>
        <label>1</label>
        <goldStandard>1</goldStandard>
      </TMApoint>
      <TMApoint>
        <x>960</x>
        <y>884</y>
        <label>1</label>
        <goldStandard>1</goldStandard>
      </TMApoint>
      <TMApoint>
        <x>1067</x>
        <y>833</y>
        <label>1</label>
        <goldStandard>1</goldStandard>
      </TMApoint>
      <TMApoint>
        <x>1068</x>
        <y>823</y>
        <label>1</label>
        <goldStandard>1</goldStandard>
      </TMApoint>
      <TMApoint>
        <x>966</x>
        <y>815</y>
        <label>1</label>
        <goldStandard>1</goldStandard>
      </TMApoint>
      <TMApoint>
        <x>909</x>
        <y>832</y>
        <label>1</label>
        <goldStandard>1</goldStandard>
      </TMApoint>
      <TMApoint>
        <x>858</x>
        <y>866</y>
        <label>0</label>
        <goldStandard>1</goldStandard>
      </TMApoint>
      <TMApoint>
        <x>811</x>
        <y>933</y>
        <label>0</label>
        <goldStandard>1</goldStandard>
      </TMApoint>
      <TMApoint>
        <x>798</x>
        <y>997</y>
        <label>1</label>
        <goldStandard>1</goldStandard>
      </TMApoint>
      <TMApoint>
        <x>817</x>
        <y>1022</y>
        <label>1</label>
        <goldStandard>1</goldStandard>
      </TMApoint>
      <TMApoint>
        <x>921</x>
        <y>766</y>
        <label>1</label>
        <goldStandard>1</goldStandard>
      </TMApoint>
      <TMApoint>
        <x>827</x>
        <y>763</y>
        <label>0</label>
        <goldStandard>1</goldStandard>
      </TMApoint>
      <TMApoint>
        <x>785</x>
        <y>819</y>
        <label>1</label>
        <goldStandard>1</goldStandard>
      </TMApoint>
      <TMApoint>
        <x>1088</x>
        <y>717</y>
        <label>0</label>
        <goldStandard>1</goldStandard>
      </TMApoint>
      <TMApoint>
        <x>1123</x>
        <y>732</y>
        <label>1</label>
        <goldStandard>1</goldStandard>
      </TMApoint>
      <TMApoint>
        <x>769</x>
        <y>767</y>
        <label>1</label>
        <goldStandard>1</goldStandard>
      </TMApoint>
      <TMApoint>
        <x>839</x>
        <y>1203</y>
        <label>1</label>
        <goldStandard>1</goldStandard>
      </TMApoint>
      <TMApoint>
        <x>1490</x>
        <y>1488</y>
        <label>1</label>
        <goldStandard>1</goldStandard>
      </TMApoint>
      <TMApoint>
        <x>1478</x>
        <y>1421</y>
        <label>0</label>
        <goldStandard>1</goldStandard>
      </TMApoint>
      <TMApoint>
        <x>1464</x>
        <y>1483</y>
        <label>1</label>
        <goldStandard>1</goldStandard>
      </TMApoint>
      <TMApoint>
        <x>1419</x>
        <y>1477</y>
        <label>1</label>
        <goldStandard>1</goldStandard>
      </TMApoint>
      <TMApoint>
        <x>1414</x>
        <y>1399</y>
        <label>0</label>
        <goldStandard>1</goldStandard>
      </TMApoint>
      <TMApoint>
        <x>1344</x>
        <y>1425</y>
        <label>1</label>
        <goldStandard>1</goldStandard>
      </TMApoint>
      <TMApoint>
        <x>1320</x>
        <y>1439</y>
        <label>0</label>
        <goldStandard>1</goldStandard>
      </TMApoint>
      <TMApoint>
        <x>1335</x>
        <y>1482</y>
        <label>1</label>
        <goldStandard>1</goldStandard>
      </TMApoint>
      <TMApoint>
        <x>1228</x>
        <y>1449</y>
        <label>0</label>
        <goldStandard>1</goldStandard>
      </TMApoint>
      <TMApoint>
        <x>1199</x>
        <y>1429</y>
        <label>1</label>
        <goldStandard>1</goldStandard>
      </TMApoint>
      <TMApoint>
        <x>1181</x>
        <y>1455</y>
        <label>1</label>
        <goldStandard>1</goldStandard>
      </TMApoint>
      <TMApoint>
        <x>1139</x>
        <y>1445</y>
        <label>1</label>
        <goldStandard>1</goldStandard>
      </TMApoint>
      <TMApoint>
        <x>1108</x>
        <y>1381</y>
        <label>1</label>
        <goldStandard>1</goldStandard>
      </TMApoint>
      <TMApoint>
        <x>1090</x>
        <y>1441</y>
        <label>1</label>
        <goldStandard>1</goldStandard>
      </TMApoint>
      <TMApoint>
        <x>1058</x>
        <y>1438</y>
        <label>1</label>
        <goldStandard>1</goldStandard>
      </TMApoint>
      <TMApoint>
        <x>1015</x>
        <y>1425</y>
        <label>0</label>
        <goldStandard>1</goldStandard>
      </TMApoint>
      <TMApoint>
        <x>983</x>
        <y>1462</y>
        <label>0</label>
        <goldStandard>1</goldStandard>
      </TMApoint>
      <TMApoint>
        <x>979</x>
        <y>1427</y>
        <label>1</label>
        <goldStandard>1</goldStandard>
      </TMApoint>
      <TMApoint>
        <x>1053</x>
        <y>1488</y>
        <label>1</label>
        <goldStandard>1</goldStandard>
      </TMApoint>
      <TMApoint>
        <x>1069</x>
        <y>1400</y>
        <label>1</label>
        <goldStandard>1</goldStandard>
      </TMApoint>
      <TMApoint>
        <x>1090</x>
        <y>1412</y>
        <label>1</label>
        <goldStandard>1</goldStandard>
      </TMApoint>
      <TMApoint>
        <x>876</x>
        <y>1412</y>
        <label>1</label>
        <goldStandard>1</goldStandard>
      </TMApoint>
      <TMApoint>
        <x>896</x>
        <y>1466</y>
        <label>1</label>
        <goldStandard>1</goldStandard>
      </TMApoint>
      <TMApoint>
        <x>815</x>
        <y>1431</y>
        <label>1</label>
        <goldStandard>1</goldStandard>
      </TMApoint>
      <TMApoint>
        <x>811</x>
        <y>1490</y>
        <label>1</label>
        <goldStandard>1</goldStandard>
      </TMApoint>
      <TMApoint>
        <x>802</x>
        <y>1399</y>
        <label>0</label>
        <goldStandard>1</goldStandard>
      </TMApoint>
      <TMApoint>
        <x>743</x>
        <y>1465</y>
        <label>1</label>
        <goldStandard>1</goldStandard>
      </TMApoint>
      <TMApoint>
        <x>698</x>
        <y>1456</y>
        <label>1</label>
        <goldStandard>1</goldStandard>
      </TMApoint>
      <TMApoint>
        <x>644</x>
        <y>1495</y>
        <label>1</label>
        <goldStandard>1</goldStandard>
      </TMApoint>
      <TMApoint>
        <x>601</x>
        <y>1483</y>
        <label>1</label>
        <goldStandard>1</goldStandard>
      </TMApoint>
      <TMApoint>
        <x>653</x>
        <y>1392</y>
        <label>0</label>
        <goldStandard>1</goldStandard>
      </TMApoint>
      <TMApoint>
        <x>695</x>
        <y>1405</y>
        <label>1</label>
        <goldStandard>1</goldStandard>
      </TMApoint>
      <TMApoint>
        <x>727</x>
        <y>1401</y>
        <label>1</label>
        <goldStandard>1</goldStandard>
      </TMApoint>
      <TMApoint>
        <x>689</x>
        <y>1368</y>
        <label>0</label>
        <goldStandard>1</goldStandard>
      </TMApoint>
      <TMApoint>
        <x>734</x>
        <y>1291</y>
        <label>1</label>
        <goldStandard>1</goldStandard>
      </TMApoint>
      <TMApoint>
        <x>733</x>
        <y>1254</y>
        <label>1</label>
        <goldStandard>1</goldStandard>
      </TMApoint>
      <TMApoint>
        <x>764</x>
        <y>1200</y>
        <label>1</label>
        <goldStandard>1</goldStandard>
      </TMApoint>
      <TMApoint>
        <x>730</x>
        <y>1202</y>
        <label>1</label>
        <goldStandard>1</goldStandard>
      </TMApoint>
      <TMApoint>
        <x>714</x>
        <y>1226</y>
        <label>1</label>
        <goldStandard>1</goldStandard>
      </TMApoint>
      <TMApoint>
        <x>691</x>
        <y>1243</y>
        <label>1</label>
        <goldStandard>1</goldStandard>
      </TMApoint>
      <TMApoint>
        <x>652</x>
        <y>1323</y>
        <label>0</label>
        <goldStandard>1</goldStandard>
      </TMApoint>
      <TMApoint>
        <x>593</x>
        <y>1364</y>
        <label>1</label>
        <goldStandard>1</goldStandard>
      </TMApoint>
      <TMApoint>
        <x>574</x>
        <y>1368</y>
        <label>1</label>
        <goldStandard>1</goldStandard>
      </TMApoint>
      <TMApoint>
        <x>539</x>
        <y>1403</y>
        <label>1</label>
        <goldStandard>1</goldStandard>
      </TMApoint>
      <TMApoint>
        <x>560</x>
        <y>1415</y>
        <label>1</label>
        <goldStandard>1</goldStandard>
      </TMApoint>
      <TMApoint>
        <x>580</x>
        <y>1450</y>
        <label>1</label>
        <goldStandard>1</goldStandard>
      </TMApoint>
      <TMApoint>
        <x>553</x>
        <y>1447</y>
        <label>1</label>
        <goldStandard>1</goldStandard>
      </TMApoint>
      <TMApoint>
        <x>548</x>
        <y>1488</y>
        <label>1</label>
        <goldStandard>1</goldStandard>
      </TMApoint>
      <TMApoint>
        <x>513</x>
        <y>1487</y>
        <label>1</label>
        <goldStandard>1</goldStandard>
      </TMApoint>
      <TMApoint>
        <x>480</x>
        <y>1486</y>
        <label>1</label>
        <goldStandard>1</goldStandard>
      </TMApoint>
      <TMApoint>
        <x>491</x>
        <y>1460</y>
        <label>1</label>
        <goldStandard>1</goldStandard>
      </TMApoint>
      <TMApoint>
        <x>487</x>
        <y>1431</y>
        <label>1</label>
        <goldStandard>1</goldStandard>
      </TMApoint>
      <TMApoint>
        <x>491</x>
        <y>1389</y>
        <label>1</label>
        <goldStandard>1</goldStandard>
      </TMApoint>
      <TMApoint>
        <x>490</x>
        <y>1367</y>
        <label>1</label>
        <goldStandard>1</goldStandard>
      </TMApoint>
      <TMApoint>
        <x>478</x>
        <y>1341</y>
        <label>1</label>
        <goldStandard>1</goldStandard>
      </TMApoint>
      <TMApoint>
        <x>526</x>
        <y>1350</y>
        <label>1</label>
        <goldStandard>1</goldStandard>
      </TMApoint>
      <TMApoint>
        <x>484</x>
        <y>1300</y>
        <label>1</label>
        <goldStandard>1</goldStandard>
      </TMApoint>
      <TMApoint>
        <x>437</x>
        <y>1277</y>
        <label>1</label>
        <goldStandard>1</goldStandard>
      </TMApoint>
      <TMApoint>
        <x>512</x>
        <y>1297</y>
        <label>1</label>
        <goldStandard>1</goldStandard>
      </TMApoint>
      <TMApoint>
        <x>495</x>
        <y>1257</y>
        <label>1</label>
        <goldStandard>1</goldStandard>
      </TMApoint>
      <TMApoint>
        <x>506</x>
        <y>1231</y>
        <label>1</label>
        <goldStandard>1</goldStandard>
      </TMApoint>
      <TMApoint>
        <x>497</x>
        <y>1200</y>
        <label>1</label>
        <goldStandard>1</goldStandard>
      </TMApoint>
      <TMApoint>
        <x>438</x>
        <y>1186</y>
        <label>1</label>
        <goldStandard>1</goldStandard>
      </TMApoint>
      <TMApoint>
        <x>510</x>
        <y>1179</y>
        <label>0</label>
        <goldStandard>1</goldStandard>
      </TMApoint>
      <TMApoint>
        <x>492</x>
        <y>1149</y>
        <label>1</label>
        <goldStandard>1</goldStandard>
      </TMApoint>
      <TMApoint>
        <x>483</x>
        <y>1117</y>
        <label>0</label>
        <goldStandard>1</goldStandard>
      </TMApoint>
      <TMApoint>
        <x>457</x>
        <y>1112</y>
        <label>1</label>
        <goldStandard>1</goldStandard>
      </TMApoint>
      <TMApoint>
        <x>466</x>
        <y>1052</y>
        <label>1</label>
        <goldStandard>1</goldStandard>
      </TMApoint>
      <TMApoint>
        <x>571</x>
        <y>1169</y>
        <label>0</label>
        <goldStandard>1</goldStandard>
      </TMApoint>
      <TMApoint>
        <x>566</x>
        <y>1231</y>
        <label>1</label>
        <goldStandard>1</goldStandard>
      </TMApoint>
      <TMApoint>
        <x>608</x>
        <y>1203</y>
        <label>1</label>
        <goldStandard>1</goldStandard>
      </TMApoint>
      <TMApoint>
        <x>626</x>
        <y>1256</y>
        <label>1</label>
        <goldStandard>1</goldStandard>
      </TMApoint>
      <TMApoint>
        <x>648</x>
        <y>1175</y>
        <label>1</label>
        <goldStandard>1</goldStandard>
      </TMApoint>
      <TMApoint>
        <x>654</x>
        <y>1158</y>
        <label>1</label>
        <goldStandard>1</goldStandard>
      </TMApoint>
      <TMApoint>
        <x>612</x>
        <y>1150</y>
        <label>1</label>
        <goldStandard>1</goldStandard>
      </TMApoint>
      <TMApoint>
        <x>566</x>
        <y>1133</y>
        <label>1</label>
        <goldStandard>1</goldStandard>
      </TMApoint>
      <TMApoint>
        <x>588</x>
        <y>1122</y>
        <label>1</label>
        <goldStandard>1</goldStandard>
      </TMApoint>
      <TMApoint>
        <x>595</x>
        <y>1095</y>
        <label>1</label>
        <goldStandard>1</goldStandard>
      </TMApoint>
      <TMApoint>
        <x>534</x>
        <y>1074</y>
        <label>1</label>
        <goldStandard>1</goldStandard>
      </TMApoint>
      <TMApoint>
        <x>490</x>
        <y>1052</y>
        <label>1</label>
        <goldStandard>1</goldStandard>
      </TMApoint>
      <TMApoint>
        <x>503</x>
        <y>1002</y>
        <label>1</label>
        <goldStandard>1</goldStandard>
      </TMApoint>
      <TMApoint>
        <x>584</x>
        <y>1025</y>
        <label>1</label>
        <goldStandard>1</goldStandard>
      </TMApoint>
      <TMApoint>
        <x>663</x>
        <y>1062</y>
        <label>0</label>
        <goldStandard>1</goldStandard>
      </TMApoint>
      <TMApoint>
        <x>682</x>
        <y>1025</y>
        <label>0</label>
        <goldStandard>1</goldStandard>
      </TMApoint>
      <TMApoint>
        <x>694</x>
        <y>1125</y>
        <label>1</label>
        <goldStandard>1</goldStandard>
      </TMApoint>
      <TMApoint>
        <x>741</x>
        <y>1078</y>
        <label>1</label>
        <goldStandard>1</goldStandard>
      </TMApoint>
      <TMApoint>
        <x>722</x>
        <y>1111</y>
        <label>1</label>
        <goldStandard>1</goldStandard>
      </TMApoint>
      <TMApoint>
        <x>754</x>
        <y>1009</y>
        <label>1</label>
        <goldStandard>1</goldStandard>
      </TMApoint>
      <TMApoint>
        <x>699</x>
        <y>1279</y>
        <label>1</label>
        <goldStandard>1</goldStandard>
      </TMApoint>
      <TMApoint>
        <x>665</x>
        <y>1259</y>
        <label>1</label>
        <goldStandard>1</goldStandard>
      </TMApoint>
      <TMApoint>
        <x>594</x>
        <y>1332</y>
        <label>1</label>
        <goldStandard>1</goldStandard>
      </TMApoint>
      <TMApoint>
        <x>621</x>
        <y>988</y>
        <label>0</label>
        <goldStandard>1</goldStandard>
      </TMApoint>
      <TMApoint>
        <x>652</x>
        <y>990</y>
        <label>1</label>
        <goldStandard>1</goldStandard>
      </TMApoint>
      <TMApoint>
        <x>640</x>
        <y>936</y>
        <label>1</label>
        <goldStandard>1</goldStandard>
      </TMApoint>
      <TMApoint>
        <x>704</x>
        <y>941</y>
        <label>1</label>
        <goldStandard>1</goldStandard>
      </TMApoint>
      <TMApoint>
        <x>695</x>
        <y>967</y>
        <label>1</label>
        <goldStandard>1</goldStandard>
      </TMApoint>
      <TMApoint>
        <x>619</x>
        <y>892</y>
        <label>1</label>
        <goldStandard>1</goldStandard>
      </TMApoint>
      <TMApoint>
        <x>598</x>
        <y>882</y>
        <label>1</label>
        <goldStandard>1</goldStandard>
      </TMApoint>
      <TMApoint>
        <x>566</x>
        <y>873</y>
        <label>1</label>
        <goldStandard>1</goldStandard>
      </TMApoint>
      <TMApoint>
        <x>522</x>
        <y>937</y>
        <label>1</label>
        <goldStandard>1</goldStandard>
      </TMApoint>
      <TMApoint>
        <x>588</x>
        <y>834</y>
        <label>0</label>
        <goldStandard>1</goldStandard>
      </TMApoint>
      <TMApoint>
        <x>659</x>
        <y>829</y>
        <label>0</label>
        <goldStandard>1</goldStandard>
      </TMApoint>
      <TMApoint>
        <x>754</x>
        <y>908</y>
        <label>1</label>
        <goldStandard>1</goldStandard>
      </TMApoint>
      <TMApoint>
        <x>685</x>
        <y>899</y>
        <label>1</label>
        <goldStandard>1</goldStandard>
      </TMApoint>
      <TMApoint>
        <x>702</x>
        <y>867</y>
        <label>1</label>
        <goldStandard>1</goldStandard>
      </TMApoint>
      <TMApoint>
        <x>751</x>
        <y>806</y>
        <label>0</label>
        <goldStandard>1</goldStandard>
      </TMApoint>
      <TMApoint>
        <x>667</x>
        <y>784</y>
        <label>1</label>
        <goldStandard>1</goldStandard>
      </TMApoint>
      <TMApoint>
        <x>635</x>
        <y>724</y>
        <label>0</label>
        <goldStandard>1</goldStandard>
      </TMApoint>
      <TMApoint>
        <x>642</x>
        <y>667</y>
        <label>1</label>
        <goldStandard>1</goldStandard>
      </TMApoint>
      <TMApoint>
        <x>664</x>
        <y>677</y>
        <label>1</label>
        <goldStandard>1</goldStandard>
      </TMApoint>
      <TMApoint>
        <x>684</x>
        <y>645</y>
        <label>0</label>
        <goldStandard>1</goldStandard>
      </TMApoint>
      <TMApoint>
        <x>737</x>
        <y>701</y>
        <label>0</label>
        <goldStandard>1</goldStandard>
      </TMApoint>
      <TMApoint>
        <x>722</x>
        <y>739</y>
        <label>1</label>
        <goldStandard>1</goldStandard>
      </TMApoint>
      <TMApoint>
        <x>743</x>
        <y>620</y>
        <label>1</label>
        <goldStandard>1</goldStandard>
      </TMApoint>
      <TMApoint>
        <x>708</x>
        <y>599</y>
        <label>1</label>
        <goldStandard>1</goldStandard>
      </TMApoint>
      <TMApoint>
        <x>722</x>
        <y>667</y>
        <label>1</label>
        <goldStandard>1</goldStandard>
      </TMApoint>
      <TMApoint>
        <x>591</x>
        <y>747</y>
        <label>1</label>
        <goldStandard>1</goldStandard>
      </TMApoint>
      <TMApoint>
        <x>594</x>
        <y>798</y>
        <label>1</label>
        <goldStandard>1</goldStandard>
      </TMApoint>
      <TMApoint>
        <x>678</x>
        <y>707</y>
        <label>1</label>
        <goldStandard>1</goldStandard>
      </TMApoint>
    </nuclei>
    <param__r>-1</param__r>
    <param__t1>-1</param__t1>
    <param__t2>-1</param__t2>
    <param__nsuperpx>0</param__nsuperpx>
   <param__smoothness>-1</param__smoothness>
    <param__lab__space>true</param__lab__space>
    <param__bgx>-1</param__bgx>
    <param__bgy>-1</param__bgy>
  </TMAspot>
</list>