<list>
  <TMAspot>
    <original__filename>..\spots_C_11_6_top_left.png</original__filename>
    <bgCorrected__filename></bgCorrected__filename>
    <nuclei>      
    	<TMApoint>
        <x>1433</x>
        <y>1467</y>
        <label>1</label>
        <goldStandard>1</goldStandard>
      </TMApoint>
      <TMApoint>
        <x>1452</x>
        <y>1423</y>
        <label>0</label>
        <goldStandard>1</goldStandard>
      </TMApoint>
      <TMApoint>
        <x>1414</x>
        <y>1445</y>
        <label>1</label>
        <goldStandard>1</goldStandard>
      </TMApoint>
      <TMApoint>
        <x>1384</x>
        <y>1438</y>
        <label>1</label>
        <goldStandard>1</goldStandard>
      </TMApoint>
      <TMApoint>
        <x>1386</x>
        <y>1391</y>
        <label>1</label>
        <goldStandard>1</goldStandard>
      </TMApoint>
      <TMApoint>
        <x>1294</x>
        <y>1424</y>
        <label>0</label>
        <goldStandard>1</goldStandard>
      </TMApoint>
      <TMApoint>
        <x>1267</x>
        <y>1450</y>
        <label>1</label>
        <goldStandard>1</goldStandard>
      </TMApoint>
      <TMApoint>
        <x>1222</x>
        <y>1420</y>
        <label>0</label>
        <goldStandard>1</goldStandard>
      </TMApoint>
      <TMApoint>
        <x>1270</x>
        <y>1384</y>
        <label>1</label>
        <goldStandard>1</goldStandard>
      </TMApoint>
      <TMApoint>
        <x>1275</x>
        <y>1354</y>
        <label>1</label>
        <goldStandard>1</goldStandard>
      </TMApoint>
      <TMApoint>
        <x>1365</x>
        <y>1358</y>
        <label>0</label>
        <goldStandard>1</goldStandard>
      </TMApoint>
      <TMApoint>
        <x>1325</x>
        <y>1321</y>
        <label>0</label>
        <goldStandard>1</goldStandard>
      </TMApoint>
      <TMApoint>
        <x>1443</x>
        <y>1307</y>
        <label>0</label>
        <goldStandard>1</goldStandard>
      </TMApoint>
      <TMApoint>
        <x>1477</x>
        <y>1262</y>
        <label>1</label>
        <goldStandard>1</goldStandard>
      </TMApoint>
      <TMApoint>
        <x>1486</x>
        <y>1371</y>
        <label>1</label>
        <goldStandard>1</goldStandard>
      </TMApoint>
      <TMApoint>
        <x>1493</x>
        <y>1337</y>
        <label>1</label>
        <goldStandard>1</goldStandard>
      </TMApoint>
      <TMApoint>
        <x>1437</x>
        <y>1208</y>
        <label>0</label>
        <goldStandard>1</goldStandard>
      </TMApoint>
      <TMApoint>
        <x>1469</x>
        <y>1147</y>
        <label>1</label>
        <goldStandard>1</goldStandard>
      </TMApoint>
      <TMApoint>
        <x>1345</x>
        <y>1183</y>
        <label>0</label>
        <goldStandard>1</goldStandard>
      </TMApoint>
      <TMApoint>
        <x>1379</x>
        <y>1147</y>
        <label>1</label>
        <goldStandard>1</goldStandard>
      </TMApoint>
      <TMApoint>
        <x>1393</x>
        <y>1114</y>
        <label>1</label>
        <goldStandard>1</goldStandard>
      </TMApoint>
      <TMApoint>
        <x>1217</x>
        <y>1369</y>
        <label>1</label>
        <goldStandard>1</goldStandard>
      </TMApoint>
      <TMApoint>
        <x>1218</x>
        <y>1336</y>
        <label>1</label>
        <goldStandard>1</goldStandard>
      </TMApoint>
      <TMApoint>
        <x>1256</x>
        <y>1312</y>
        <label>1</label>
        <goldStandard>1</goldStandard>
      </TMApoint>
      <TMApoint>
        <x>1308</x>
        <y>1278</y>
        <label>0</label>
        <goldStandard>1</goldStandard>
      </TMApoint>
      <TMApoint>
        <x>1312</x>
        <y>1248</y>
        <label>0</label>
        <goldStandard>1</goldStandard>
      </TMApoint>
      <TMApoint>
        <x>1239</x>
        <y>1177</y>
        <label>0</label>
        <goldStandard>1</goldStandard>
      </TMApoint>
      <TMApoint>
        <x>1271</x>
        <y>1133</y>
        <label>1</label>
        <goldStandard>1</goldStandard>
      </TMApoint>
      <TMApoint>
        <x>1214</x>
        <y>1245</y>
        <label>1</label>
        <goldStandard>1</goldStandard>
      </TMApoint>
      <TMApoint>
        <x>1184</x>
        <y>1244</y>
        <label>0</label>
        <goldStandard>1</goldStandard>
      </TMApoint>
      <TMApoint>
        <x>1193</x>
        <y>1295</y>
        <label>0</label>
        <goldStandard>1</goldStandard>
      </TMApoint>
      <TMApoint>
        <x>1190</x>
        <y>1329</y>
        <label>1</label>
        <goldStandard>1</goldStandard>
      </TMApoint>
      <TMApoint>
        <x>1155</x>
        <y>1365</y>
        <label>0</label>
        <goldStandard>1</goldStandard>
      </TMApoint>
      <TMApoint>
        <x>1150</x>
        <y>1336</y>
        <label>1</label>
        <goldStandard>1</goldStandard>
      </TMApoint>
      <TMApoint>
        <x>1126</x>
        <y>1319</y>
        <label>1</label>
        <goldStandard>1</goldStandard>
      </TMApoint>
      <TMApoint>
        <x>1108</x>
        <y>1349</y>
        <label>1</label>
        <goldStandard>1</goldStandard>
      </TMApoint>
      <TMApoint>
        <x>1094</x>
        <y>1306</y>
        <label>1</label>
        <goldStandard>1</goldStandard>
      </TMApoint>
      <TMApoint>
        <x>1112</x>
        <y>1284</y>
        <label>1</label>
        <goldStandard>1</goldStandard>
      </TMApoint>
      <TMApoint>
        <x>1126</x>
        <y>1241</y>
        <label>1</label>
        <goldStandard>1</goldStandard>
      </TMApoint>
      <TMApoint>
        <x>1084</x>
        <y>1264</y>
        <label>1</label>
        <goldStandard>1</goldStandard>
      </TMApoint>
      <TMApoint>
        <x>1051</x>
        <y>1250</y>
        <label>1</label>
        <goldStandard>1</goldStandard>
      </TMApoint>
      <TMApoint>
        <x>1080</x>
        <y>1226</y>
        <label>0</label>
        <goldStandard>1</goldStandard>
      </TMApoint>
      <TMApoint>
        <x>1199</x>
        <y>1451</y>
        <label>1</label>
        <goldStandard>1</goldStandard>
      </TMApoint>
      <TMApoint>
        <x>1170</x>
        <y>1476</y>
        <label>1</label>
        <goldStandard>1</goldStandard>
      </TMApoint>
      <TMApoint>
        <x>1042</x>
        <y>1488</y>
        <label>1</label>
        <goldStandard>1</goldStandard>
      </TMApoint>
      <TMApoint>
        <x>996</x>
        <y>1413</y>
        <label>0</label>
        <goldStandard>1</goldStandard>
      </TMApoint>
      <TMApoint>
        <x>920</x>
        <y>1471</y>
        <label>1</label>
        <goldStandard>1</goldStandard>
      </TMApoint>
      <TMApoint>
        <x>947</x>
        <y>1395</y>
        <label>0</label>
        <goldStandard>1</goldStandard>
      </TMApoint>
      <TMApoint>
        <x>1047</x>
        <y>1376</y>
        <label>1</label>
        <goldStandard>1</goldStandard>
      </TMApoint>
      <TMApoint>
        <x>1030</x>
        <y>1294</y>
        <label>1</label>
        <goldStandard>1</goldStandard>
      </TMApoint>
      <TMApoint>
        <x>1037</x>
        <y>1338</y>
        <label>1</label>
        <goldStandard>1</goldStandard>
      </TMApoint>
      <TMApoint>
        <x>1150</x>
        <y>1175</y>
        <label>0</label>
        <goldStandard>1</goldStandard>
      </TMApoint>
      <TMApoint>
        <x>1152</x>
        <y>1140</y>
        <label>1</label>
        <goldStandard>1</goldStandard>
      </TMApoint>
      <TMApoint>
        <x>1125</x>
        <y>1143</y>
        <label>1</label>
        <goldStandard>1</goldStandard>
      </TMApoint>
      <TMApoint>
        <x>1324</x>
        <y>1428</y>
        <label>1</label>
        <goldStandard>1</goldStandard>
      </TMApoint>
      <TMApoint>
        <x>1354</x>
        <y>1241</y>
        <label>1</label>
        <goldStandard>1</goldStandard>
      </TMApoint>
      <TMApoint>
        <x>1021</x>
        <y>1203</y>
        <label>1</label>
        <goldStandard>1</goldStandard>
      </TMApoint>
      <TMApoint>
        <x>996</x>
        <y>1178</y>
        <label>1</label>
        <goldStandard>1</goldStandard>
      </TMApoint>
      <TMApoint>
        <x>938</x>
        <y>1224</y>
        <label>0</label>
        <goldStandard>1</goldStandard>
      </TMApoint>
      <TMApoint>
        <x>952</x>
        <y>1263</y>
        <label>0</label>
        <goldStandard>1</goldStandard>
      </TMApoint>
      <TMApoint>
        <x>956</x>
        <y>1170</y>
        <label>1</label>
        <goldStandard>1</goldStandard>
      </TMApoint>
      <TMApoint>
        <x>920</x>
        <y>1184</y>
        <label>1</label>
        <goldStandard>1</goldStandard>
      </TMApoint>
      <TMApoint>
        <x>948</x>
        <y>1126</y>
        <label>1</label>
        <goldStandard>1</goldStandard>
      </TMApoint>
      <TMApoint>
        <x>964</x>
        <y>1111</y>
        <label>1</label>
        <goldStandard>1</goldStandard>
      </TMApoint>
      <TMApoint>
        <x>1024</x>
        <y>1063</y>
        <label>1</label>
        <goldStandard>1</goldStandard>
      </TMApoint>
      <TMApoint>
        <x>980</x>
        <y>1077</y>
        <label>1</label>
        <goldStandard>1</goldStandard>
      </TMApoint>
      <TMApoint>
        <x>946</x>
        <y>1072</y>
        <label>1</label>
        <goldStandard>1</goldStandard>
      </TMApoint>
      <TMApoint>
        <x>978</x>
        <y>1029</y>
        <label>0</label>
        <goldStandard>1</goldStandard>
      </TMApoint>
      <TMApoint>
        <x>997</x>
        <y>987</y>
        <label>0</label>
        <goldStandard>1</goldStandard>
      </TMApoint>
      <TMApoint>
        <x>1076</x>
        <y>1021</y>
        <label>1</label>
        <goldStandard>1</goldStandard>
      </TMApoint>
      <TMApoint>
        <x>1096</x>
        <y>955</y>
        <label>0</label>
        <goldStandard>1</goldStandard>
      </TMApoint>
      <TMApoint>
        <x>1222</x>
        <y>974</y>
        <label>1</label>
        <goldStandard>1</goldStandard>
      </TMApoint>
      <TMApoint>
        <x>1245</x>
        <y>939</y>
        <label>0</label>
        <goldStandard>1</goldStandard>
      </TMApoint>
      <TMApoint>
        <x>1427</x>
        <y>960</y>
        <label>1</label>
        <goldStandard>1</goldStandard>
      </TMApoint>
      <TMApoint>
        <x>1256</x>
        <y>998</y>
        <label>1</label>
        <goldStandard>1</goldStandard>
      </TMApoint>
      <TMApoint>
        <x>1463</x>
        <y>889</y>
        <label>0</label>
        <goldStandard>1</goldStandard>
      </TMApoint>
      <TMApoint>
        <x>1391</x>
        <y>888</y>
        <label>0</label>
        <goldStandard>1</goldStandard>
      </TMApoint>
      <TMApoint>
        <x>1345</x>
        <y>915</y>
        <label>0</label>
        <goldStandard>1</goldStandard>
      </TMApoint>
      <TMApoint>
        <x>1263</x>
        <y>883</y>
        <label>1</label>
        <goldStandard>1</goldStandard>
      </TMApoint>
      <TMApoint>
        <x>1243</x>
        <y>897</y>
        <label>1</label>
        <goldStandard>1</goldStandard>
      </TMApoint>
      <TMApoint>
        <x>1120</x>
        <y>921</y>
        <label>0</label>
        <goldStandard>1</goldStandard>
      </TMApoint>
      <TMApoint>
        <x>1141</x>
        <y>873</y>
        <label>1</label>
        <goldStandard>1</goldStandard>
      </TMApoint>
      <TMApoint>
        <x>1064</x>
        <y>879</y>
        <label>0</label>
        <goldStandard>1</goldStandard>
      </TMApoint>
      <TMApoint>
        <x>983</x>
        <y>895</y>
        <label>1</label>
        <goldStandard>1</goldStandard>
      </TMApoint>
      <TMApoint>
        <x>1017</x>
        <y>878</y>
        <label>1</label>
        <goldStandard>1</goldStandard>
      </TMApoint>
      <TMApoint>
        <x>959</x>
        <y>842</y>
        <label>1</label>
        <goldStandard>1</goldStandard>
      </TMApoint>
      <TMApoint>
        <x>1094</x>
        <y>821</y>
        <label>1</label>
        <goldStandard>1</goldStandard>
      </TMApoint>
      <TMApoint>
        <x>1131</x>
        <y>830</y>
        <label>1</label>
        <goldStandard>1</goldStandard>
      </TMApoint>
      <TMApoint>
        <x>1163</x>
        <y>821</y>
        <label>1</label>
        <goldStandard>1</goldStandard>
      </TMApoint>
      <TMApoint>
        <x>1108</x>
        <y>799</y>
        <label>1</label>
        <goldStandard>1</goldStandard>
      </TMApoint>
      <TMApoint>
        <x>1141</x>
        <y>752</y>
        <label>1</label>
        <goldStandard>1</goldStandard>
      </TMApoint>
      <TMApoint>
        <x>1130</x>
        <y>708</y>
        <label>0</label>
        <goldStandard>1</goldStandard>
      </TMApoint>
      <TMApoint>
        <x>1210</x>
        <y>718</y>
        <label>0</label>
        <goldStandard>1</goldStandard>
      </TMApoint>
      <TMApoint>
        <x>1257</x>
        <y>761</y>
        <label>1</label>
        <goldStandard>1</goldStandard>
      </TMApoint>
      <TMApoint>
        <x>1246</x>
        <y>811</y>
        <label>1</label>
        <goldStandard>1</goldStandard>
      </TMApoint>
      <TMApoint>
        <x>1277</x>
        <y>821</y>
        <label>1</label>
        <goldStandard>1</goldStandard>
      </TMApoint>
      <TMApoint>
        <x>1350</x>
        <y>841</y>
        <label>1</label>
        <goldStandard>1</goldStandard>
      </TMApoint>
      <TMApoint>
        <x>1327</x>
        <y>819</y>
        <label>1</label>
        <goldStandard>1</goldStandard>
      </TMApoint>
      <TMApoint>
        <x>1336</x>
        <y>785</y>
        <label>1</label>
        <goldStandard>1</goldStandard>
      </TMApoint>
      <TMApoint>
        <x>1312</x>
        <y>784</y>
        <label>1</label>
        <goldStandard>1</goldStandard>
      </TMApoint>
      <TMApoint>
        <x>1447</x>
        <y>820</y>
        <label>1</label>
        <goldStandard>1</goldStandard>
      </TMApoint>
      <TMApoint>
        <x>1419</x>
        <y>735</y>
        <label>0</label>
        <goldStandard>1</goldStandard>
      </TMApoint>
      <TMApoint>
        <x>1471</x>
        <y>669</y>
        <label>1</label>
        <goldStandard>1</goldStandard>
      </TMApoint>
      <TMApoint>
        <x>1439</x>
        <y>636</y>
        <label>1</label>
        <goldStandard>1</goldStandard>
      </TMApoint>
      <TMApoint>
        <x>1394</x>
        <y>618</y>
        <label>1</label>
        <goldStandard>1</goldStandard>
      </TMApoint>
      <TMApoint>
        <x>1432</x>
        <y>595</y>
        <label>1</label>
        <goldStandard>1</goldStandard>
      </TMApoint>
      <TMApoint>
        <x>1408</x>
        <y>587</y>
        <label>1</label>
        <goldStandard>1</goldStandard>
      </TMApoint>
      <TMApoint>
        <x>1383</x>
        <y>585</y>
        <label>1</label>
        <goldStandard>1</goldStandard>
      </TMApoint>
      <TMApoint>
        <x>1360</x>
        <y>572</y>
        <label>1</label>
        <goldStandard>1</goldStandard>
      </TMApoint>
      <TMApoint>
        <x>1441</x>
        <y>555</y>
        <label>1</label>
        <goldStandard>1</goldStandard>
      </TMApoint>
      <TMApoint>
        <x>1398</x>
        <y>544</y>
        <label>1</label>
        <goldStandard>1</goldStandard>
      </TMApoint>
      <TMApoint>
        <x>1451</x>
        <y>497</y>
        <label>0</label>
        <goldStandard>1</goldStandard>
      </TMApoint>
      <TMApoint>
        <x>1407</x>
        <y>427</y>
        <label>0</label>
        <goldStandard>1</goldStandard>
      </TMApoint>
      <TMApoint>
        <x>1458</x>
        <y>402</y>
        <label>0</label>
        <goldStandard>1</goldStandard>
      </TMApoint>
      <TMApoint>
        <x>1333</x>
        <y>425</y>
        <label>0</label>
        <goldStandard>1</goldStandard>
      </TMApoint>
      <TMApoint>
        <x>1322</x>
        <y>401</y>
        <label>1</label>
        <goldStandard>1</goldStandard>
      </TMApoint>
      <TMApoint>
        <x>1277</x>
        <y>582</y>
        <label>0</label>
        <goldStandard>1</goldStandard>
      </TMApoint>
      <TMApoint>
        <x>1276</x>
        <y>680</y>
        <label>0</label>
        <goldStandard>1</goldStandard>
      </TMApoint>
      <TMApoint>
        <x>1228</x>
        <y>620</y>
        <label>0</label>
        <goldStandard>1</goldStandard>
      </TMApoint>
      <TMApoint>
        <x>1232</x>
        <y>545</y>
        <label>0</label>
        <goldStandard>1</goldStandard>
      </TMApoint>
      <TMApoint>
        <x>1190</x>
        <y>457</y>
        <label>1</label>
        <goldStandard>1</goldStandard>
      </TMApoint>
      <TMApoint>
        <x>1115</x>
        <y>532</y>
        <label>0</label>
        <goldStandard>1</goldStandard>
      </TMApoint>
      <TMApoint>
        <x>1146</x>
        <y>603</y>
        <label>0</label>
        <goldStandard>1</goldStandard>
      </TMApoint>
      <TMApoint>
        <x>1141</x>
        <y>659</y>
        <label>0</label>
        <goldStandard>1</goldStandard>
      </TMApoint>
      <TMApoint>
        <x>1058</x>
        <y>662</y>
        <label>0</label>
        <goldStandard>1</goldStandard>
      </TMApoint>
      <TMApoint>
        <x>1047</x>
        <y>756</y>
        <label>1</label>
        <goldStandard>1</goldStandard>
      </TMApoint>
      <TMApoint>
        <x>1032</x>
        <y>739</y>
        <label>0</label>
        <goldStandard>1</goldStandard>
      </TMApoint>
      <TMApoint>
        <x>966</x>
        <y>748</y>
        <label>0</label>
        <goldStandard>1</goldStandard>
      </TMApoint>
      <TMApoint>
        <x>932</x>
        <y>796</y>
        <label>1</label>
        <goldStandard>1</goldStandard>
      </TMApoint>
      <TMApoint>
        <x>962</x>
        <y>701</y>
        <label>0</label>
        <goldStandard>1</goldStandard>
      </TMApoint>
      <TMApoint>
        <x>1012</x>
        <y>629</y>
        <label>1</label>
        <goldStandard>1</goldStandard>
      </TMApoint>
      <TMApoint>
        <x>1315</x>
        <y>693</y>
        <label>1</label>
        <goldStandard>1</goldStandard>
      </TMApoint>
      <TMApoint>
        <x>1409</x>
        <y>467</y>
        <label>1</label>
        <goldStandard>1</goldStandard>
      </TMApoint>
      <TMApoint>
        <x>1380</x>
        <y>773</y>
        <label>1</label>
        <goldStandard>1</goldStandard>
      </TMApoint>
      <TMApoint>
        <x>921</x>
        <y>741</y>
        <label>1</label>
        <goldStandard>1</goldStandard>
      </TMApoint>
      <TMApoint>
        <x>877</x>
        <y>1431</y>
        <label>1</label>
        <goldStandard>1</goldStandard>
      </TMApoint>
      <TMApoint>
        <x>906</x>
        <y>1447</y>
        <label>1</label>
        <goldStandard>1</goldStandard>
      </TMApoint>
      <TMApoint>
        <x>906</x>
        <y>1383</y>
        <label>0</label>
        <goldStandard>1</goldStandard>
      </TMApoint>
      <TMApoint>
        <x>884</x>
        <y>1356</y>
        <label>0</label>
        <goldStandard>1</goldStandard>
      </TMApoint>
      <TMApoint>
        <x>762</x>
        <y>1439</y>
        <label>0</label>
        <goldStandard>1</goldStandard>
      </TMApoint>
      <TMApoint>
        <x>738</x>
        <y>1460</y>
        <label>0</label>
        <goldStandard>1</goldStandard>
      </TMApoint>
      <TMApoint>
        <x>710</x>
        <y>1474</y>
        <label>0</label>
        <goldStandard>1</goldStandard>
      </TMApoint>
      <TMApoint>
        <x>764</x>
        <y>1490</y>
        <label>1</label>
        <goldStandard>1</goldStandard>
      </TMApoint>
      <TMApoint>
        <x>680</x>
        <y>1431</y>
        <label>0</label>
        <goldStandard>1</goldStandard>
      </TMApoint>
      <TMApoint>
        <x>603</x>
        <y>1470</y>
        <label>0</label>
        <goldStandard>1</goldStandard>
      </TMApoint>
      <TMApoint>
        <x>591</x>
        <y>1400</y>
        <label>0</label>
        <goldStandard>1</goldStandard>
      </TMApoint>
      <TMApoint>
        <x>540</x>
        <y>1440</y>
        <label>1</label>
        <goldStandard>1</goldStandard>
      </TMApoint>
      <TMApoint>
        <x>522</x>
        <y>1408</y>
        <label>1</label>
        <goldStandard>1</goldStandard>
      </TMApoint>
      <TMApoint>
        <x>564</x>
        <y>1427</y>
        <label>1</label>
        <goldStandard>1</goldStandard>
      </TMApoint>
      <TMApoint>
        <x>531</x>
        <y>1331</y>
        <label>0</label>
        <goldStandard>1</goldStandard>
      </TMApoint>
      <TMApoint>
        <x>473</x>
        <y>1293</y>
        <label>1</label>
        <goldStandard>1</goldStandard>
      </TMApoint>
      <TMApoint>
        <x>486</x>
        <y>1252</y>
        <label>1</label>
        <goldStandard>1</goldStandard>
      </TMApoint>
      <TMApoint>
        <x>501</x>
        <y>1194</y>
        <label>1</label>
        <goldStandard>1</goldStandard>
      </TMApoint>
      <TMApoint>
        <x>662</x>
        <y>1334</y>
        <label>0</label>
        <goldStandard>1</goldStandard>
      </TMApoint>
      <TMApoint>
        <x>634</x>
        <y>1311</y>
        <label>1</label>
        <goldStandard>1</goldStandard>
      </TMApoint>
      <TMApoint>
        <x>610</x>
        <y>1278</y>
        <label>1</label>
        <goldStandard>1</goldStandard>
      </TMApoint>
      <TMApoint>
        <x>673</x>
        <y>1234</y>
        <label>0</label>
        <goldStandard>1</goldStandard>
      </TMApoint>
      <TMApoint>
        <x>584</x>
        <y>1196</y>
        <label>0</label>
        <goldStandard>1</goldStandard>
      </TMApoint>
      <TMApoint>
        <x>532</x>
        <y>1231</y>
        <label>1</label>
        <goldStandard>1</goldStandard>
      </TMApoint>
      <TMApoint>
        <x>596</x>
        <y>1125</y>
        <label>0</label>
        <goldStandard>1</goldStandard>
      </TMApoint>
      <TMApoint>
        <x>651</x>
        <y>1124</y>
        <label>0</label>
        <goldStandard>1</goldStandard>
      </TMApoint>
      <TMApoint>
        <x>519</x>
        <y>1133</y>
        <label>1</label>
        <goldStandard>1</goldStandard>
      </TMApoint>
      <TMApoint>
        <x>573</x>
        <y>1063</y>
        <label>1</label>
        <goldStandard>1</goldStandard>
      </TMApoint>
      <TMApoint>
        <x>681</x>
        <y>1108</y>
        <label>1</label>
        <goldStandard>1</goldStandard>
      </TMApoint>
      <TMApoint>
        <x>745</x>
        <y>1147</y>
        <label>1</label>
        <goldStandard>1</goldStandard>
      </TMApoint>
      <TMApoint>
        <x>706</x>
        <y>1187</y>
        <label>0</label>
        <goldStandard>1</goldStandard>
      </TMApoint>
      <TMApoint>
        <x>789</x>
        <y>1178</y>
        <label>0</label>
        <goldStandard>1</goldStandard>
      </TMApoint>
      <TMApoint>
        <x>829</x>
        <y>1300</y>
        <label>0</label>
        <goldStandard>1</goldStandard>
      </TMApoint>
      <TMApoint>
        <x>756</x>
        <y>1364</y>
        <label>0</label>
        <goldStandard>1</goldStandard>
      </TMApoint>
      <TMApoint>
        <x>807</x>
        <y>1371</y>
        <label>0</label>
        <goldStandard>1</goldStandard>
      </TMApoint>
      <TMApoint>
        <x>860</x>
        <y>1307</y>
        <label>0</label>
        <goldStandard>1</goldStandard>
      </TMApoint>
      <TMApoint>
        <x>814</x>
        <y>1263</y>
        <label>1</label>
        <goldStandard>1</goldStandard>
      </TMApoint>
      <TMApoint>
        <x>837</x>
        <y>1214</y>
        <label>1</label>
        <goldStandard>1</goldStandard>
      </TMApoint>
      <TMApoint>
        <x>826</x>
        <y>1183</y>
        <label>1</label>
        <goldStandard>1</goldStandard>
      </TMApoint>
      <TMApoint>
        <x>845</x>
        <y>1163</y>
        <label>1</label>
        <goldStandard>1</goldStandard>
      </TMApoint>
      <TMApoint>
        <x>875</x>
        <y>1149</y>
        <label>1</label>
        <goldStandard>1</goldStandard>
      </TMApoint>
      <TMApoint>
        <x>829</x>
        <y>1135</y>
        <label>1</label>
        <goldStandard>1</goldStandard>
      </TMApoint>
      <TMApoint>
        <x>783</x>
        <y>1106</y>
        <label>1</label>
        <goldStandard>1</goldStandard>
      </TMApoint>
      <TMApoint>
        <x>740</x>
        <y>1119</y>
        <label>1</label>
        <goldStandard>1</goldStandard>
      </TMApoint>
      <TMApoint>
        <x>760</x>
        <y>1086</y>
        <label>1</label>
        <goldStandard>1</goldStandard>
      </TMApoint>
      <TMApoint>
        <x>917</x>
        <y>1107</y>
        <label>1</label>
        <goldStandard>1</goldStandard>
      </TMApoint>
      <TMApoint>
        <x>916</x>
        <y>1032</y>
        <label>1</label>
        <goldStandard>1</goldStandard>
      </TMApoint>
      <TMApoint>
        <x>916</x>
        <y>1067</y>
        <label>1</label>
        <goldStandard>1</goldStandard>
      </TMApoint>
      <TMApoint>
        <x>796</x>
        <y>1054</y>
        <label>1</label>
        <goldStandard>1</goldStandard>
      </TMApoint>
      <TMApoint>
        <x>774</x>
        <y>1036</y>
        <label>1</label>
        <goldStandard>1</goldStandard>
      </TMApoint>
      <TMApoint>
        <x>681</x>
        <y>1027</y>
        <label>0</label>
        <goldStandard>1</goldStandard>
      </TMApoint>
      <TMApoint>
        <x>703</x>
        <y>1020</y>
        <label>1</label>
        <goldStandard>1</goldStandard>
      </TMApoint>
      <TMApoint>
        <x>747</x>
        <y>1002</y>
        <label>0</label>
        <goldStandard>1</goldStandard>
      </TMApoint>
      <TMApoint>
        <x>702</x>
        <y>957</y>
        <label>0</label>
        <goldStandard>1</goldStandard>
      </TMApoint>
      <TMApoint>
        <x>615</x>
        <y>929</y>
        <label>1</label>
        <goldStandard>1</goldStandard>
      </TMApoint>
      <TMApoint>
        <x>554</x>
        <y>1035</y>
        <label>1</label>
        <goldStandard>1</goldStandard>
      </TMApoint>
      <TMApoint>
        <x>839</x>
        <y>1003</y>
        <label>0</label>
        <goldStandard>1</goldStandard>
      </TMApoint>
      <TMApoint>
        <x>828</x>
        <y>978</y>
        <label>0</label>
        <goldStandard>1</goldStandard>
      </TMApoint>
      <TMApoint>
        <x>889</x>
        <y>990</y>
        <label>1</label>
        <goldStandard>1</goldStandard>
      </TMApoint>
      <TMApoint>
        <x>772</x>
        <y>932</y>
        <label>0</label>
        <goldStandard>1</goldStandard>
      </TMApoint>
      <TMApoint>
        <x>709</x>
        <y>1226</y>
        <label>1</label>
        <goldStandard>1</goldStandard>
      </TMApoint>
      <TMApoint>
        <x>643</x>
        <y>1196</y>
        <label>1</label>
        <goldStandard>1</goldStandard>
      </TMApoint>
      <TMApoint>
        <x>871</x>
        <y>1048</y>
        <label>0</label>
        <goldStandard>1</goldStandard>
      </TMApoint>
      <TMApoint>
        <x>825</x>
        <y>1045</y>
        <label>1</label>
        <goldStandard>1</goldStandard>
      </TMApoint>
      <TMApoint>
        <x>908</x>
        <y>876</y>
        <label>0</label>
        <goldStandard>1</goldStandard>
      </TMApoint>
      <TMApoint>
        <x>881</x>
        <y>814</y>
        <label>0</label>
        <goldStandard>1</goldStandard>
      </TMApoint>
      <TMApoint>
        <x>847</x>
        <y>768</y>
        <label>0</label>
        <goldStandard>1</goldStandard>
      </TMApoint>
      <TMApoint>
        <x>810</x>
        <y>792</y>
        <label>1</label>
        <goldStandard>1</goldStandard>
      </TMApoint>
      <TMApoint>
        <x>886</x>
        <y>699</y>
        <label>0</label>
        <goldStandard>1</goldStandard>
      </TMApoint>
      <TMApoint>
        <x>887</x>
        <y>633</y>
        <label>1</label>
        <goldStandard>1</goldStandard>
      </TMApoint>
      <TMApoint>
        <x>772</x>
        <y>787</y>
        <label>0</label>
        <goldStandard>1</goldStandard>
      </TMApoint>
      <TMApoint>
        <x>762</x>
        <y>832</y>
        <label>0</label>
        <goldStandard>1</goldStandard>
      </TMApoint>
      <TMApoint>
        <x>734</x>
        <y>795</y>
        <label>1</label>
        <goldStandard>1</goldStandard>
      </TMApoint>
      <TMApoint>
        <x>707</x>
        <y>814</y>
        <label>1</label>
        <goldStandard>1</goldStandard>
      </TMApoint>
      <TMApoint>
        <x>683</x>
        <y>880</y>
        <label>0</label>
        <goldStandard>1</goldStandard>
      </TMApoint>
      <TMApoint>
        <x>738</x>
        <y>852</y>
        <label>1</label>
        <goldStandard>1</goldStandard>
      </TMApoint>
      <TMApoint>
        <x>665</x>
        <y>972</y>
        <label>1</label>
        <goldStandard>1</goldStandard>
      </TMApoint>
      <TMApoint>
        <x>777</x>
        <y>857</y>
        <label>1</label>
        <goldStandard>1</goldStandard>
      </TMApoint>
      <TMApoint>
        <x>785</x>
        <y>898</y>
        <label>1</label>
        <goldStandard>1</goldStandard>
      </TMApoint>
      <TMApoint>
        <x>825</x>
        <y>884</y>
        <label>1</label>
        <goldStandard>1</goldStandard>
      </TMApoint>
      <TMApoint>
        <x>634</x>
        <y>902</y>
        <label>0</label>
        <goldStandard>1</goldStandard>
      </TMApoint>
    </nuclei>
    <param__r>-1</param__r>
    <param__t1>-1</param__t1>
    <param__t2>-1</param__t2>
    <param__nsuperpx>0</param__nsuperpx>
   <param__smoothness>-1</param__smoothness>
    <param__lab__space>true</param__lab__space>
    <param__bgx>-1</param__bgx>
    <param__bgy>-1</param__bgy>
  </TMAspot>
</list>