<list>
  <TMAspot>
    <original__filename>..\spots_C_07_6_top_left.png</original__filename>
    <bgCorrected__filename></bgCorrected__filename>
    <nuclei>      
    	<TMApoint>
        <x>1451</x>
        <y>1469</y>
        <label>1</label>
        <goldStandard>1</goldStandard>
      </TMApoint>
      <TMApoint>
        <x>1430</x>
        <y>1442</y>
        <label>0</label>
        <goldStandard>1</goldStandard>
      </TMApoint>
      <TMApoint>
        <x>1451</x>
        <y>1398</y>
        <label>0</label>
        <goldStandard>1</goldStandard>
      </TMApoint>
      <TMApoint>
        <x>1392</x>
        <y>1385</y>
        <label>0</label>
        <goldStandard>1</goldStandard>
      </TMApoint>
      <TMApoint>
        <x>1396</x>
        <y>1351</y>
        <label>0</label>
        <goldStandard>1</goldStandard>
      </TMApoint>
      <TMApoint>
        <x>1366</x>
        <y>1323</y>
        <label>1</label>
        <goldStandard>1</goldStandard>
      </TMApoint>
      <TMApoint>
        <x>1394</x>
        <y>1462</y>
        <label>0</label>
        <goldStandard>1</goldStandard>
      </TMApoint>
      <TMApoint>
        <x>1339</x>
        <y>1419</y>
        <label>0</label>
        <goldStandard>1</goldStandard>
      </TMApoint>
      <TMApoint>
        <x>1338</x>
        <y>1390</y>
        <label>1</label>
        <goldStandard>1</goldStandard>
      </TMApoint>
      <TMApoint>
        <x>1324</x>
        <y>1473</y>
        <label>0</label>
        <goldStandard>1</goldStandard>
      </TMApoint>
      <TMApoint>
        <x>1294</x>
        <y>1447</y>
        <label>1</label>
        <goldStandard>1</goldStandard>
      </TMApoint>
      <TMApoint>
        <x>1264</x>
        <y>1478</y>
        <label>1</label>
        <goldStandard>1</goldStandard>
      </TMApoint>
      <TMApoint>
        <x>1186</x>
        <y>1469</y>
        <label>1</label>
        <goldStandard>1</goldStandard>
      </TMApoint>
      <TMApoint>
        <x>1211</x>
        <y>1431</y>
        <label>1</label>
        <goldStandard>1</goldStandard>
      </TMApoint>
      <TMApoint>
        <x>1176</x>
        <y>1420</y>
        <label>1</label>
        <goldStandard>1</goldStandard>
      </TMApoint>
      <TMApoint>
        <x>1200</x>
        <y>1394</y>
        <label>1</label>
        <goldStandard>1</goldStandard>
      </TMApoint>
      <TMApoint>
        <x>1224</x>
        <y>1373</y>
        <label>1</label>
        <goldStandard>1</goldStandard>
      </TMApoint>
      <TMApoint>
        <x>1260</x>
        <y>1313</y>
        <label>1</label>
        <goldStandard>1</goldStandard>
      </TMApoint>
      <TMApoint>
        <x>1271</x>
        <y>1287</y>
        <label>1</label>
        <goldStandard>1</goldStandard>
      </TMApoint>
      <TMApoint>
        <x>1357</x>
        <y>1244</y>
        <label>1</label>
        <goldStandard>1</goldStandard>
      </TMApoint>
      <TMApoint>
        <x>1402</x>
        <y>1165</y>
        <label>0</label>
        <goldStandard>1</goldStandard>
      </TMApoint>
      <TMApoint>
        <x>1365</x>
        <y>1180</y>
        <label>1</label>
        <goldStandard>1</goldStandard>
      </TMApoint>
      <TMApoint>
        <x>1388</x>
        <y>1109</y>
        <label>1</label>
        <goldStandard>1</goldStandard>
      </TMApoint>
      <TMApoint>
        <x>1390</x>
        <y>1066</y>
        <label>1</label>
        <goldStandard>1</goldStandard>
      </TMApoint>
      <TMApoint>
        <x>1437</x>
        <y>1081</y>
        <label>0</label>
        <goldStandard>1</goldStandard>
      </TMApoint>
      <TMApoint>
        <x>1421</x>
        <y>995</y>
        <label>0</label>
        <goldStandard>1</goldStandard>
      </TMApoint>
      <TMApoint>
        <x>1338</x>
        <y>1075</y>
        <label>1</label>
        <goldStandard>1</goldStandard>
      </TMApoint>
      <TMApoint>
        <x>1336</x>
        <y>1023</y>
        <label>1</label>
        <goldStandard>1</goldStandard>
      </TMApoint>
      <TMApoint>
        <x>1364</x>
        <y>1022</y>
        <label>1</label>
        <goldStandard>1</goldStandard>
      </TMApoint>
      <TMApoint>
        <x>1317</x>
        <y>993</y>
        <label>0</label>
        <goldStandard>1</goldStandard>
      </TMApoint>
      <TMApoint>
        <x>1290</x>
        <y>940</y>
        <label>0</label>
        <goldStandard>1</goldStandard>
      </TMApoint>
      <TMApoint>
        <x>1277</x>
        <y>1039</y>
        <label>1</label>
        <goldStandard>1</goldStandard>
      </TMApoint>
      <TMApoint>
        <x>1261</x>
        <y>1078</y>
        <label>1</label>
        <goldStandard>1</goldStandard>
      </TMApoint>
      <TMApoint>
        <x>1255</x>
        <y>1132</y>
        <label>1</label>
        <goldStandard>1</goldStandard>
      </TMApoint>
      <TMApoint>
        <x>1237</x>
        <y>1182</y>
        <label>1</label>
        <goldStandard>1</goldStandard>
      </TMApoint>
      <TMApoint>
        <x>1224</x>
        <y>1148</y>
        <label>1</label>
        <goldStandard>1</goldStandard>
      </TMApoint>
      <TMApoint>
        <x>1243</x>
        <y>1208</y>
        <label>1</label>
        <goldStandard>1</goldStandard>
      </TMApoint>
      <TMApoint>
        <x>1218</x>
        <y>1250</y>
        <label>1</label>
        <goldStandard>1</goldStandard>
      </TMApoint>
      <TMApoint>
        <x>1201</x>
        <y>1214</y>
        <label>1</label>
        <goldStandard>1</goldStandard>
      </TMApoint>
      <TMApoint>
        <x>1173</x>
        <y>1223</y>
        <label>1</label>
        <goldStandard>1</goldStandard>
      </TMApoint>
      <TMApoint>
        <x>1306</x>
        <y>1170</y>
        <label>1</label>
        <goldStandard>1</goldStandard>
      </TMApoint>
      <TMApoint>
        <x>1288</x>
        <y>1119</y>
        <label>1</label>
        <goldStandard>1</goldStandard>
      </TMApoint>
      <TMApoint>
        <x>1279</x>
        <y>1185</y>
        <label>1</label>
        <goldStandard>1</goldStandard>
      </TMApoint>
      <TMApoint>
        <x>1296</x>
        <y>1219</y>
        <label>1</label>
        <goldStandard>1</goldStandard>
      </TMApoint>
      <TMApoint>
        <x>1133</x>
        <y>1338</y>
        <label>1</label>
        <goldStandard>1</goldStandard>
      </TMApoint>
      <TMApoint>
        <x>1109</x>
        <y>1386</y>
        <label>1</label>
        <goldStandard>1</goldStandard>
      </TMApoint>
      <TMApoint>
        <x>1066</x>
        <y>1468</y>
        <label>1</label>
        <goldStandard>1</goldStandard>
      </TMApoint>
      <TMApoint>
        <x>1075</x>
        <y>1385</y>
        <label>1</label>
        <goldStandard>1</goldStandard>
      </TMApoint>
      <TMApoint>
        <x>1093</x>
        <y>1338</y>
        <label>0</label>
        <goldStandard>1</goldStandard>
      </TMApoint>
      <TMApoint>
        <x>1146</x>
        <y>1403</y>
        <label>0</label>
        <goldStandard>1</goldStandard>
      </TMApoint>
      <TMApoint>
        <x>1160</x>
        <y>1315</y>
        <label>1</label>
        <goldStandard>1</goldStandard>
      </TMApoint>
      <TMApoint>
        <x>1192</x>
        <y>1073</y>
        <label>1</label>
        <goldStandard>1</goldStandard>
      </TMApoint>
      <TMApoint>
        <x>1169</x>
        <y>1114</y>
        <label>1</label>
        <goldStandard>1</goldStandard>
      </TMApoint>
      <TMApoint>
        <x>1140</x>
        <y>1104</y>
        <label>1</label>
        <goldStandard>1</goldStandard>
      </TMApoint>
      <TMApoint>
        <x>1142</x>
        <y>1152</y>
        <label>1</label>
        <goldStandard>1</goldStandard>
      </TMApoint>
      <TMApoint>
        <x>1058</x>
        <y>1317</y>
        <label>1</label>
        <goldStandard>1</goldStandard>
      </TMApoint>
      <TMApoint>
        <x>1035</x>
        <y>1312</y>
        <label>1</label>
        <goldStandard>1</goldStandard>
      </TMApoint>
      <TMApoint>
        <x>1039</x>
        <y>1255</y>
        <label>0</label>
        <goldStandard>1</goldStandard>
      </TMApoint>
      <TMApoint>
        <x>981</x>
        <y>1481</y>
        <label>1</label>
        <goldStandard>1</goldStandard>
      </TMApoint>
      <TMApoint>
        <x>943</x>
        <y>1478</y>
        <label>1</label>
        <goldStandard>1</goldStandard>
      </TMApoint>
      <TMApoint>
        <x>1025</x>
        <y>1482</y>
        <label>1</label>
        <goldStandard>1</goldStandard>
      </TMApoint>
      <TMApoint>
        <x>997</x>
        <y>1427</y>
        <label>1</label>
        <goldStandard>1</goldStandard>
      </TMApoint>
      <TMApoint>
        <x>972</x>
        <y>1438</y>
        <label>1</label>
        <goldStandard>1</goldStandard>
      </TMApoint>
      <TMApoint>
        <x>911</x>
        <y>1360</y>
        <label>0</label>
        <goldStandard>1</goldStandard>
      </TMApoint>
      <TMApoint>
        <x>940</x>
        <y>1310</y>
        <label>1</label>
        <goldStandard>1</goldStandard>
      </TMApoint>
      <TMApoint>
        <x>959</x>
        <y>1336</y>
        <label>1</label>
        <goldStandard>1</goldStandard>
      </TMApoint>
      <TMApoint>
        <x>1082</x>
        <y>1191</y>
        <label>1</label>
        <goldStandard>1</goldStandard>
      </TMApoint>
      <TMApoint>
        <x>1062</x>
        <y>1212</y>
        <label>1</label>
        <goldStandard>1</goldStandard>
      </TMApoint>
      <TMApoint>
        <x>1294</x>
        <y>1392</y>
        <label>1</label>
        <goldStandard>1</goldStandard>
      </TMApoint>
      <TMApoint>
        <x>1379</x>
        <y>1289</y>
        <label>0</label>
        <goldStandard>1</goldStandard>
      </TMApoint>
      <TMApoint>
        <x>1260</x>
        <y>1429</y>
        <label>1</label>
        <goldStandard>1</goldStandard>
      </TMApoint>
      <TMApoint>
        <x>1196</x>
        <y>1143</y>
        <label>1</label>
        <goldStandard>1</goldStandard>
      </TMApoint>
      <TMApoint>
        <x>1364</x>
        <y>958</y>
        <label>1</label>
        <goldStandard>1</goldStandard>
      </TMApoint>
      <TMApoint>
        <x>1346</x>
        <y>929</y>
        <label>1</label>
        <goldStandard>1</goldStandard>
      </TMApoint>
      <TMApoint>
        <x>1408</x>
        <y>955</y>
        <label>1</label>
        <goldStandard>1</goldStandard>
      </TMApoint>
      <TMApoint>
        <x>1448</x>
        <y>925</y>
        <label>1</label>
        <goldStandard>1</goldStandard>
      </TMApoint>
      <TMApoint>
        <x>1475</x>
        <y>1007</y>
        <label>1</label>
        <goldStandard>1</goldStandard>
      </TMApoint>
      <TMApoint>
        <x>1213</x>
        <y>1034</y>
        <label>1</label>
        <goldStandard>1</goldStandard>
      </TMApoint>
      <TMApoint>
        <x>1123</x>
        <y>1073</y>
        <label>1</label>
        <goldStandard>1</goldStandard>
      </TMApoint>
      <TMApoint>
        <x>1125</x>
        <y>1035</y>
        <label>1</label>
        <goldStandard>1</goldStandard>
      </TMApoint>
      <TMApoint>
        <x>1074</x>
        <y>1039</y>
        <label>1</label>
        <goldStandard>1</goldStandard>
      </TMApoint>
      <TMApoint>
        <x>1067</x>
        <y>1073</y>
        <label>1</label>
        <goldStandard>1</goldStandard>
      </TMApoint>
      <TMApoint>
        <x>1082</x>
        <y>997</y>
        <label>1</label>
        <goldStandard>1</goldStandard>
      </TMApoint>
      <TMApoint>
        <x>1112</x>
        <y>962</y>
        <label>1</label>
        <goldStandard>1</goldStandard>
      </TMApoint>
      <TMApoint>
        <x>1144</x>
        <y>985</y>
        <label>1</label>
        <goldStandard>1</goldStandard>
      </TMApoint>
      <TMApoint>
        <x>1157</x>
        <y>927</y>
        <label>1</label>
        <goldStandard>1</goldStandard>
      </TMApoint>
      <TMApoint>
        <x>1041</x>
        <y>1155</y>
        <label>1</label>
        <goldStandard>1</goldStandard>
      </TMApoint>
      <TMApoint>
        <x>1006</x>
        <y>1126</y>
        <label>0</label>
        <goldStandard>1</goldStandard>
      </TMApoint>
      <TMApoint>
        <x>983</x>
        <y>1145</y>
        <label>1</label>
        <goldStandard>1</goldStandard>
      </TMApoint>
      <TMApoint>
        <x>969</x>
        <y>1253</y>
        <label>1</label>
        <goldStandard>1</goldStandard>
      </TMApoint>
      <TMApoint>
        <x>932</x>
        <y>1233</y>
        <label>1</label>
        <goldStandard>1</goldStandard>
      </TMApoint>
      <TMApoint>
        <x>946</x>
        <y>1202</y>
        <label>1</label>
        <goldStandard>1</goldStandard>
      </TMApoint>
      <TMApoint>
        <x>951</x>
        <y>1089</y>
        <label>1</label>
        <goldStandard>1</goldStandard>
      </TMApoint>
      <TMApoint>
        <x>962</x>
        <y>1113</y>
        <label>1</label>
        <goldStandard>1</goldStandard>
      </TMApoint>
      <TMApoint>
        <x>956</x>
        <y>1028</y>
        <label>0</label>
        <goldStandard>1</goldStandard>
      </TMApoint>
      <TMApoint>
        <x>981</x>
        <y>1057</y>
        <label>1</label>
        <goldStandard>1</goldStandard>
      </TMApoint>
      <TMApoint>
        <x>996</x>
        <y>943</y>
        <label>0</label>
        <goldStandard>1</goldStandard>
      </TMApoint>
      <TMApoint>
        <x>976</x>
        <y>1228</y>
        <label>1</label>
        <goldStandard>1</goldStandard>
      </TMApoint>
      <TMApoint>
        <x>1430</x>
        <y>893</y>
        <label>1</label>
        <goldStandard>1</goldStandard>
      </TMApoint>
      <TMApoint>
        <x>1481</x>
        <y>825</y>
        <label>1</label>
        <goldStandard>1</goldStandard>
      </TMApoint>
      <TMApoint>
        <x>1481</x>
        <y>914</y>
        <label>1</label>
        <goldStandard>1</goldStandard>
      </TMApoint>
      <TMApoint>
        <x>1362</x>
        <y>883</y>
        <label>0</label>
        <goldStandard>1</goldStandard>
      </TMApoint>
      <TMApoint>
        <x>1378</x>
        <y>856</y>
        <label>1</label>
        <goldStandard>1</goldStandard>
      </TMApoint>
      <TMApoint>
        <x>1404</x>
        <y>805</y>
        <label>1</label>
        <goldStandard>1</goldStandard>
      </TMApoint>
      <TMApoint>
        <x>1412</x>
        <y>700</y>
        <label>0</label>
        <goldStandard>1</goldStandard>
      </TMApoint>
      <TMApoint>
        <x>1366</x>
        <y>685</y>
        <label>0</label>
        <goldStandard>1</goldStandard>
      </TMApoint>
      <TMApoint>
        <x>1411</x>
        <y>582</y>
        <label>1</label>
        <goldStandard>1</goldStandard>
      </TMApoint>
      <TMApoint>
        <x>1463</x>
        <y>592</y>
        <label>1</label>
        <goldStandard>1</goldStandard>
      </TMApoint>
      <TMApoint>
        <x>1238</x>
        <y>874</y>
        <label>1</label>
        <goldStandard>1</goldStandard>
      </TMApoint>
      <TMApoint>
        <x>1264</x>
        <y>833</y>
        <label>1</label>
        <goldStandard>1</goldStandard>
      </TMApoint>
      <TMApoint>
        <x>1293</x>
        <y>801</y>
        <label>1</label>
        <goldStandard>1</goldStandard>
      </TMApoint>
      <TMApoint>
        <x>1233</x>
        <y>806</y>
        <label>1</label>
        <goldStandard>1</goldStandard>
      </TMApoint>
      <TMApoint>
        <x>1111</x>
        <y>884</y>
        <label>1</label>
        <goldStandard>1</goldStandard>
      </TMApoint>
      <TMApoint>
        <x>1140</x>
        <y>848</y>
        <label>1</label>
        <goldStandard>1</goldStandard>
      </TMApoint>
      <TMApoint>
        <x>1169</x>
        <y>824</y>
        <label>1</label>
        <goldStandard>1</goldStandard>
      </TMApoint>
      <TMApoint>
        <x>1176</x>
        <y>767</y>
        <label>1</label>
        <goldStandard>1</goldStandard>
      </TMApoint>
      <TMApoint>
        <x>1151</x>
        <y>775</y>
        <label>1</label>
        <goldStandard>1</goldStandard>
      </TMApoint>
      <TMApoint>
        <x>1269</x>
        <y>728</y>
        <label>1</label>
        <goldStandard>1</goldStandard>
      </TMApoint>
      <TMApoint>
        <x>1244</x>
        <y>750</y>
        <label>1</label>
        <goldStandard>1</goldStandard>
      </TMApoint>
      <TMApoint>
        <x>1292</x>
        <y>705</y>
        <label>1</label>
        <goldStandard>1</goldStandard>
      </TMApoint>
      <TMApoint>
        <x>1277</x>
        <y>683</y>
        <label>1</label>
        <goldStandard>1</goldStandard>
      </TMApoint>
      <TMApoint>
        <x>1183</x>
        <y>861</y>
        <label>1</label>
        <goldStandard>1</goldStandard>
      </TMApoint>
      <TMApoint>
        <x>1021</x>
        <y>877</y>
        <label>0</label>
        <goldStandard>1</goldStandard>
      </TMApoint>
      <TMApoint>
        <x>927</x>
        <y>920</y>
        <label>1</label>
        <goldStandard>1</goldStandard>
      </TMApoint>
      <TMApoint>
        <x>1097</x>
        <y>777</y>
        <label>0</label>
        <goldStandard>1</goldStandard>
      </TMApoint>
      <TMApoint>
        <x>1056</x>
        <y>839</y>
        <label>0</label>
        <goldStandard>1</goldStandard>
      </TMApoint>
      <TMApoint>
        <x>1107</x>
        <y>614</y>
        <label>0</label>
        <goldStandard>1</goldStandard>
      </TMApoint>
      <TMApoint>
        <x>1052</x>
        <y>627</y>
        <label>0</label>
        <goldStandard>1</goldStandard>
      </TMApoint>
      <TMApoint>
        <x>1246</x>
        <y>621</y>
        <label>1</label>
        <goldStandard>1</goldStandard>
      </TMApoint>
      <TMApoint>
        <x>1285</x>
        <y>587</y>
        <label>1</label>
        <goldStandard>1</goldStandard>
      </TMApoint>
      <TMApoint>
        <x>1288</x>
        <y>541</y>
        <label>0</label>
        <goldStandard>1</goldStandard>
      </TMApoint>
      <TMApoint>
        <x>1289</x>
        <y>508</y>
        <label>0</label>
        <goldStandard>1</goldStandard>
      </TMApoint>
      <TMApoint>
        <x>1348</x>
        <y>497</y>
        <label>0</label>
        <goldStandard>1</goldStandard>
      </TMApoint>
      <TMApoint>
        <x>1329</x>
        <y>548</y>
        <label>1</label>
        <goldStandard>1</goldStandard>
      </TMApoint>
      <TMApoint>
        <x>1370</x>
        <y>430</y>
        <label>0</label>
        <goldStandard>1</goldStandard>
      </TMApoint>
      <TMApoint>
        <x>1456</x>
        <y>392</y>
        <label>1</label>
        <goldStandard>1</goldStandard>
      </TMApoint>
      <TMApoint>
        <x>1365</x>
        <y>391</y>
        <label>0</label>
        <goldStandard>1</goldStandard>
      </TMApoint>
      <TMApoint>
        <x>1128</x>
        <y>535</y>
        <label>1</label>
        <goldStandard>1</goldStandard>
      </TMApoint>
      <TMApoint>
        <x>1111</x>
        <y>471</y>
        <label>0</label>
        <goldStandard>1</goldStandard>
      </TMApoint>
      <TMApoint>
        <x>959</x>
        <y>594</y>
        <label>1</label>
        <goldStandard>1</goldStandard>
      </TMApoint>
      <TMApoint>
        <x>943</x>
        <y>744</y>
        <label>1</label>
        <goldStandard>1</goldStandard>
      </TMApoint>
      <TMApoint>
        <x>918</x>
        <y>723</y>
        <label>1</label>
        <goldStandard>1</goldStandard>
      </TMApoint>
      <TMApoint>
        <x>1172</x>
        <y>653</y>
        <label>1</label>
        <goldStandard>1</goldStandard>
      </TMApoint>
      <TMApoint>
        <x>1150</x>
        <y>670</y>
        <label>1</label>
        <goldStandard>1</goldStandard>
      </TMApoint>
      <TMApoint>
        <x>1402</x>
        <y>325</y>
        <label>0</label>
        <goldStandard>1</goldStandard>
      </TMApoint>
      <TMApoint>
        <x>1365</x>
        <y>333</y>
        <label>0</label>
        <goldStandard>1</goldStandard>
      </TMApoint>
      <TMApoint>
        <x>1415</x>
        <y>247</y>
        <label>0</label>
        <goldStandard>1</goldStandard>
      </TMApoint>
      <TMApoint>
        <x>1451</x>
        <y>217</y>
        <label>0</label>
        <goldStandard>1</goldStandard>
      </TMApoint>
      <TMApoint>
        <x>1140</x>
        <y>310</y>
        <label>1</label>
        <goldStandard>1</goldStandard>
      </TMApoint>
      <TMApoint>
        <x>1463</x>
        <y>356</y>
        <label>1</label>
        <goldStandard>1</goldStandard>
      </TMApoint>
      <TMApoint>
        <x>1367</x>
        <y>427</y>
        <label>0</label>
        <goldStandard>1</goldStandard>
      </TMApoint>
      <TMApoint>
        <x>1478</x>
        <y>281</y>
        <label>1</label>
        <goldStandard>1</goldStandard>
      </TMApoint>
      <TMApoint>
        <x>798</x>
        <y>1490</y>
        <label>0</label>
        <goldStandard>1</goldStandard>
      </TMApoint>
      <TMApoint>
        <x>892</x>
        <y>1488</y>
        <label>1</label>
        <goldStandard>1</goldStandard>
      </TMApoint>
      <TMApoint>
        <x>790</x>
        <y>1426</y>
        <label>1</label>
        <goldStandard>1</goldStandard>
      </TMApoint>
      <TMApoint>
        <x>732</x>
        <y>1459</y>
        <label>0</label>
        <goldStandard>1</goldStandard>
      </TMApoint>
      <TMApoint>
        <x>681</x>
        <y>1482</y>
        <label>1</label>
        <goldStandard>1</goldStandard>
      </TMApoint>
      <TMApoint>
        <x>761</x>
        <y>1390</y>
        <label>1</label>
        <goldStandard>1</goldStandard>
      </TMApoint>
      <TMApoint>
        <x>785</x>
        <y>1369</y>
        <label>1</label>
        <goldStandard>1</goldStandard>
      </TMApoint>
      <TMApoint>
        <x>836</x>
        <y>1371</y>
        <label>0</label>
        <goldStandard>1</goldStandard>
      </TMApoint>
      <TMApoint>
        <x>859</x>
        <y>1310</y>
        <label>1</label>
        <goldStandard>1</goldStandard>
      </TMApoint>
      <TMApoint>
        <x>873</x>
        <y>1278</y>
        <label>1</label>
        <goldStandard>1</goldStandard>
      </TMApoint>
      <TMApoint>
        <x>872</x>
        <y>1438</y>
        <label>1</label>
        <goldStandard>1</goldStandard>
      </TMApoint>
      <TMApoint>
        <x>849</x>
        <y>1407</y>
        <label>1</label>
        <goldStandard>1</goldStandard>
      </TMApoint>
      <TMApoint>
        <x>745</x>
        <y>1320</y>
        <label>0</label>
        <goldStandard>1</goldStandard>
      </TMApoint>
      <TMApoint>
        <x>676</x>
        <y>1313</y>
        <label>0</label>
        <goldStandard>1</goldStandard>
      </TMApoint>
      <TMApoint>
        <x>695</x>
        <y>1298</y>
        <label>0</label>
        <goldStandard>1</goldStandard>
      </TMApoint>
      <TMApoint>
        <x>588</x>
        <y>1474</y>
        <label>0</label>
        <goldStandard>1</goldStandard>
      </TMApoint>
      <TMApoint>
        <x>528</x>
        <y>1432</y>
        <label>0</label>
        <goldStandard>1</goldStandard>
      </TMApoint>
      <TMApoint>
        <x>504</x>
        <y>1405</y>
        <label>0</label>
        <goldStandard>1</goldStandard>
      </TMApoint>
      <TMApoint>
        <x>481</x>
        <y>1483</y>
        <label>1</label>
        <goldStandard>1</goldStandard>
      </TMApoint>
      <TMApoint>
        <x>547</x>
        <y>1351</y>
        <label>1</label>
        <goldStandard>1</goldStandard>
      </TMApoint>
      <TMApoint>
        <x>629</x>
        <y>1271</y>
        <label>1</label>
        <goldStandard>1</goldStandard>
      </TMApoint>
      <TMApoint>
        <x>514</x>
        <y>1229</y>
        <label>0</label>
        <goldStandard>1</goldStandard>
      </TMApoint>
      <TMApoint>
        <x>526</x>
        <y>1137</y>
        <label>0</label>
        <goldStandard>1</goldStandard>
      </TMApoint>
      <TMApoint>
        <x>576</x>
        <y>1135</y>
        <label>1</label>
        <goldStandard>1</goldStandard>
      </TMApoint>
      <TMApoint>
        <x>667</x>
        <y>1180</y>
        <label>0</label>
        <goldStandard>1</goldStandard>
      </TMApoint>
      <TMApoint>
        <x>696</x>
        <y>1226</y>
        <label>1</label>
        <goldStandard>1</goldStandard>
      </TMApoint>
      <TMApoint>
        <x>739</x>
        <y>1205</y>
        <label>1</label>
        <goldStandard>1</goldStandard>
      </TMApoint>
      <TMApoint>
        <x>809</x>
        <y>1232</y>
        <label>0</label>
        <goldStandard>1</goldStandard>
      </TMApoint>
      <TMApoint>
        <x>815</x>
        <y>1178</y>
        <label>0</label>
        <goldStandard>1</goldStandard>
      </TMApoint>
      <TMApoint>
        <x>860</x>
        <y>1234</y>
        <label>1</label>
        <goldStandard>1</goldStandard>
      </TMApoint>
      <TMApoint>
        <x>889</x>
        <y>1236</y>
        <label>1</label>
        <goldStandard>1</goldStandard>
      </TMApoint>
      <TMApoint>
        <x>850</x>
        <y>1106</y>
        <label>1</label>
        <goldStandard>1</goldStandard>
      </TMApoint>
      <TMApoint>
        <x>911</x>
        <y>1051</y>
        <label>0</label>
        <goldStandard>1</goldStandard>
      </TMApoint>
      <TMApoint>
        <x>918</x>
        <y>1134</y>
        <label>1</label>
        <goldStandard>1</goldStandard>
      </TMApoint>
      <TMApoint>
        <x>752</x>
        <y>1159</y>
        <label>1</label>
        <goldStandard>1</goldStandard>
      </TMApoint>
      <TMApoint>
        <x>764</x>
        <y>1039</y>
        <label>0</label>
        <goldStandard>1</goldStandard>
      </TMApoint>
      <TMApoint>
        <x>797</x>
        <y>1050</y>
        <label>1</label>
        <goldStandard>1</goldStandard>
      </TMApoint>
      <TMApoint>
        <x>658</x>
        <y>1052</y>
        <label>1</label>
        <goldStandard>1</goldStandard>
      </TMApoint>
      <TMApoint>
        <x>666</x>
        <y>957</y>
        <label>0</label>
        <goldStandard>1</goldStandard>
      </TMApoint>
      <TMApoint>
        <x>696</x>
        <y>965</y>
        <label>1</label>
        <goldStandard>1</goldStandard>
      </TMApoint>
      <TMApoint>
        <x>739</x>
        <y>998</y>
        <label>1</label>
        <goldStandard>1</goldStandard>
      </TMApoint>
      <TMApoint>
        <x>751</x>
        <y>979</y>
        <label>1</label>
        <goldStandard>1</goldStandard>
      </TMApoint>
      <TMApoint>
        <x>827</x>
        <y>1278</y>
        <label>1</label>
        <goldStandard>1</goldStandard>
      </TMApoint>
      <TMApoint>
        <x>897</x>
        <y>755</y>
        <label>0</label>
        <goldStandard>1</goldStandard>
      </TMApoint>
      <TMApoint>
        <x>849</x>
        <y>725</y>
        <label>0</label>
        <goldStandard>1</goldStandard>
      </TMApoint>
      <TMApoint>
        <x>809</x>
        <y>765</y>
        <label>0</label>
        <goldStandard>1</goldStandard>
      </TMApoint>
      <TMApoint>
        <x>729</x>
        <y>760</y>
        <label>0</label>
        <goldStandard>1</goldStandard>
      </TMApoint>
      <TMApoint>
        <x>685</x>
        <y>794</y>
        <label>1</label>
        <goldStandard>1</goldStandard>
      </TMApoint>
      <TMApoint>
        <x>678</x>
        <y>757</y>
        <label>0</label>
        <goldStandard>1</goldStandard>
      </TMApoint>
      <TMApoint>
        <x>793</x>
        <y>599</y>
        <label>0</label>
        <goldStandard>1</goldStandard>
      </TMApoint>
      <TMApoint>
        <x>882</x>
        <y>617</y>
        <label>0</label>
        <goldStandard>1</goldStandard>
      </TMApoint>
      <TMApoint>
        <x>871</x>
        <y>541</y>
        <label>0</label>
        <goldStandard>1</goldStandard>
      </TMApoint>
      <TMApoint>
        <x>775</x>
        <y>675</y>
        <label>0</label>
        <goldStandard>1</goldStandard>
      </TMApoint>
    </nuclei>
    <param__r>-1</param__r>
    <param__t1>-1</param__t1>
    <param__t2>-1</param__t2>
    <param__nsuperpx>0</param__nsuperpx>
   <param__smoothness>-1</param__smoothness>
    <param__lab__space>true</param__lab__space>
    <param__bgx>-1</param__bgx>
    <param__bgy>-1</param__bgy>
  </TMAspot>
</list>