<list>
  <TMAspot>
    <original__filename>..\spots_A_08_1_top_left.png</original__filename>
    <bgCorrected__filename></bgCorrected__filename>
    <nuclei>      
    	<TMApoint>
        <x>909</x>
        <y>686</y>
        <label>1</label>
        <goldStandard>1</goldStandard>
      </TMApoint>
      <TMApoint>
        <x>889</x>
        <y>749</y>
        <label>0</label>
        <goldStandard>1</goldStandard>
      </TMApoint>
      <TMApoint>
        <x>877</x>
        <y>676</y>
        <label>1</label>
        <goldStandard>1</goldStandard>
      </TMApoint>
      <TMApoint>
        <x>859</x>
        <y>724</y>
        <label>0</label>
        <goldStandard>1</goldStandard>
      </TMApoint>
      <TMApoint>
        <x>939</x>
        <y>762</y>
        <label>0</label>
        <goldStandard>1</goldStandard>
      </TMApoint>
      <TMApoint>
        <x>970</x>
        <y>742</y>
        <label>1</label>
        <goldStandard>1</goldStandard>
      </TMApoint>
      <TMApoint>
        <x>915</x>
        <y>906</y>
        <label>1</label>
        <goldStandard>1</goldStandard>
      </TMApoint>
      <TMApoint>
        <x>552</x>
        <y>1352</y>
        <label>0</label>
        <goldStandard>1</goldStandard>
      </TMApoint>
      <TMApoint>
        <x>539</x>
        <y>1274</y>
        <label>1</label>
        <goldStandard>1</goldStandard>
      </TMApoint>
      <TMApoint>
        <x>492</x>
        <y>1237</y>
        <label>1</label>
        <goldStandard>1</goldStandard>
      </TMApoint>
      <TMApoint>
        <x>526</x>
        <y>1184</y>
        <label>1</label>
        <goldStandard>1</goldStandard>
      </TMApoint>
      <TMApoint>
        <x>563</x>
        <y>1138</y>
        <label>0</label>
        <goldStandard>1</goldStandard>
      </TMApoint>
      <TMApoint>
        <x>534</x>
        <y>1107</y>
        <label>1</label>
        <goldStandard>1</goldStandard>
      </TMApoint>
      <TMApoint>
        <x>581</x>
        <y>1058</y>
        <label>0</label>
        <goldStandard>1</goldStandard>
      </TMApoint>
      <TMApoint>
        <x>479</x>
        <y>1051</y>
        <label>1</label>
        <goldStandard>1</goldStandard>
      </TMApoint>
      <TMApoint>
        <x>480</x>
        <y>1077</y>
        <label>1</label>
        <goldStandard>1</goldStandard>
      </TMApoint>
      <TMApoint>
        <x>403</x>
        <y>1100</y>
        <label>0</label>
        <goldStandard>1</goldStandard>
      </TMApoint>
      <TMApoint>
        <x>380</x>
        <y>1184</y>
        <label>0</label>
        <goldStandard>1</goldStandard>
      </TMApoint>
      <TMApoint>
        <x>400</x>
        <y>1237</y>
        <label>0</label>
        <goldStandard>1</goldStandard>
      </TMApoint>
      <TMApoint>
        <x>357</x>
        <y>1235</y>
        <label>0</label>
        <goldStandard>1</goldStandard>
      </TMApoint>
      <TMApoint>
        <x>432</x>
        <y>1305</y>
        <label>0</label>
        <goldStandard>1</goldStandard>
      </TMApoint>
      <TMApoint>
        <x>393</x>
        <y>1294</y>
        <label>1</label>
        <goldStandard>1</goldStandard>
      </TMApoint>
      <TMApoint>
        <x>358</x>
        <y>1282</y>
        <label>1</label>
        <goldStandard>1</goldStandard>
      </TMApoint>
      <TMApoint>
        <x>281</x>
        <y>1318</y>
        <label>1</label>
        <goldStandard>1</goldStandard>
      </TMApoint>
      <TMApoint>
        <x>294</x>
        <y>1385</y>
        <label>1</label>
        <goldStandard>1</goldStandard>
      </TMApoint>
      <TMApoint>
        <x>359</x>
        <y>1077</y>
        <label>0</label>
        <goldStandard>1</goldStandard>
      </TMApoint>
      <TMApoint>
        <x>405</x>
        <y>1043</y>
        <label>1</label>
        <goldStandard>1</goldStandard>
      </TMApoint>
      <TMApoint>
        <x>320</x>
        <y>1168</y>
        <label>0</label>
        <goldStandard>1</goldStandard>
      </TMApoint>
      <TMApoint>
        <x>336</x>
        <y>1434</y>
        <label>1</label>
        <goldStandard>1</goldStandard>
      </TMApoint>
      <TMApoint>
        <x>312</x>
        <y>1418</y>
        <label>1</label>
        <goldStandard>1</goldStandard>
      </TMApoint>
      <TMApoint>
        <x>286</x>
        <y>1468</y>
        <label>1</label>
        <goldStandard>1</goldStandard>
      </TMApoint>
      <TMApoint>
        <x>316</x>
        <y>1453</y>
        <label>1</label>
        <goldStandard>1</goldStandard>
      </TMApoint>
      <TMApoint>
        <x>304</x>
        <y>1471</y>
        <label>1</label>
        <goldStandard>1</goldStandard>
      </TMApoint>
      <TMApoint>
        <x>279</x>
        <y>1427</y>
        <label>1</label>
        <goldStandard>1</goldStandard>
      </TMApoint>
      <TMApoint>
        <x>486</x>
        <y>997</y>
        <label>1</label>
        <goldStandard>1</goldStandard>
      </TMApoint>
      <TMApoint>
        <x>473</x>
        <y>907</y>
        <label>1</label>
        <goldStandard>1</goldStandard>
      </TMApoint>
      <TMApoint>
        <x>533</x>
        <y>1029</y>
        <label>1</label>
        <goldStandard>1</goldStandard>
      </TMApoint>
      <TMApoint>
        <x>547</x>
        <y>888</y>
        <label>1</label>
        <goldStandard>1</goldStandard>
      </TMApoint>
      <TMApoint>
        <x>454</x>
        <y>929</y>
        <label>0</label>
        <goldStandard>1</goldStandard>
      </TMApoint>
      <TMApoint>
        <x>380</x>
        <y>883</y>
        <label>1</label>
        <goldStandard>1</goldStandard>
      </TMApoint>
      <TMApoint>
        <x>452</x>
        <y>835</y>
        <label>0</label>
        <goldStandard>1</goldStandard>
      </TMApoint>
      <TMApoint>
        <x>566</x>
        <y>830</y>
        <label>1</label>
        <goldStandard>1</goldStandard>
      </TMApoint>
      <TMApoint>
        <x>599</x>
        <y>931</y>
        <label>0</label>
        <goldStandard>1</goldStandard>
      </TMApoint>
      <TMApoint>
        <x>597</x>
        <y>995</y>
        <label>0</label>
        <goldStandard>1</goldStandard>
      </TMApoint>
      <TMApoint>
        <x>638</x>
        <y>1135</y>
        <label>0</label>
        <goldStandard>1</goldStandard>
      </TMApoint>
      <TMApoint>
        <x>639</x>
        <y>746</y>
        <label>1</label>
        <goldStandard>1</goldStandard>
      </TMApoint>
      <TMApoint>
        <x>480</x>
        <y>818</y>
        <label>1</label>
        <goldStandard>1</goldStandard>
      </TMApoint>
      <TMApoint>
        <x>439</x>
        <y>854</y>
        <label>1</label>
        <goldStandard>1</goldStandard>
      </TMApoint>
      <TMApoint>
        <x>659</x>
        <y>944</y>
        <label>1</label>
        <goldStandard>1</goldStandard>
      </TMApoint>
      <TMApoint>
        <x>627</x>
        <y>658</y>
        <label>1</label>
        <goldStandard>1</goldStandard>
      </TMApoint>
      <TMApoint>
        <x>594</x>
        <y>559</y>
        <label>1</label>
        <goldStandard>1</goldStandard>
      </TMApoint>
      <TMApoint>
        <x>696</x>
        <y>882</y>
        <label>0</label>
        <goldStandard>1</goldStandard>
      </TMApoint>
      <TMApoint>
        <x>700</x>
        <y>939</y>
        <label>0</label>
        <goldStandard>1</goldStandard>
      </TMApoint>
      <TMApoint>
        <x>723</x>
        <y>744</y>
        <label>0</label>
        <goldStandard>1</goldStandard>
      </TMApoint>
      <TMApoint>
        <x>755</x>
        <y>754</y>
        <label>0</label>
        <goldStandard>1</goldStandard>
      </TMApoint>
      <TMApoint>
        <x>681</x>
        <y>770</y>
        <label>0</label>
        <goldStandard>1</goldStandard>
      </TMApoint>
      <TMApoint>
        <x>758</x>
        <y>817</y>
        <label>0</label>
        <goldStandard>1</goldStandard>
      </TMApoint>
      <TMApoint>
        <x>741</x>
        <y>879</y>
        <label>1</label>
        <goldStandard>1</goldStandard>
      </TMApoint>
      <TMApoint>
        <x>805</x>
        <y>730</y>
        <label>0</label>
        <goldStandard>1</goldStandard>
      </TMApoint>
      <TMApoint>
        <x>795</x>
        <y>698</y>
        <label>1</label>
        <goldStandard>1</goldStandard>
      </TMApoint>
      <TMApoint>
        <x>812</x>
        <y>609</y>
        <label>1</label>
        <goldStandard>1</goldStandard>
      </TMApoint>
      <TMApoint>
        <x>803</x>
        <y>565</y>
        <label>1</label>
        <goldStandard>1</goldStandard>
      </TMApoint>
      <TMApoint>
        <x>774</x>
        <y>623</y>
        <label>1</label>
        <goldStandard>1</goldStandard>
      </TMApoint>
      <TMApoint>
        <x>745</x>
        <y>668</y>
        <label>1</label>
        <goldStandard>1</goldStandard>
      </TMApoint>
      <TMApoint>
        <x>403</x>
        <y>875</y>
        <label>1</label>
        <goldStandard>1</goldStandard>
      </TMApoint>
      <TMApoint>
        <x>558</x>
        <y>688</y>
        <label>1</label>
        <goldStandard>1</goldStandard>
      </TMApoint>
      <TMApoint>
        <x>676</x>
        <y>566</y>
        <label>1</label>
        <goldStandard>1</goldStandard>
      </TMApoint>
      <TMApoint>
        <x>642</x>
        <y>518</y>
        <label>0</label>
        <goldStandard>1</goldStandard>
      </TMApoint>
      <TMApoint>
        <x>773</x>
        <y>463</y>
        <label>0</label>
        <goldStandard>1</goldStandard>
      </TMApoint>
      <TMApoint>
        <x>729</x>
        <y>499</y>
        <label>0</label>
        <goldStandard>1</goldStandard>
      </TMApoint>
      <TMApoint>
        <x>768</x>
        <y>560</y>
        <label>1</label>
        <goldStandard>1</goldStandard>
      </TMApoint>
      <TMApoint>
        <x>670</x>
        <y>674</y>
        <label>1</label>
        <goldStandard>1</goldStandard>
      </TMApoint>
      <TMApoint>
        <x>718</x>
        <y>687</y>
        <label>1</label>
        <goldStandard>1</goldStandard>
      </TMApoint>
      <TMApoint>
        <x>733</x>
        <y>644</y>
        <label>1</label>
        <goldStandard>1</goldStandard>
      </TMApoint>
      <TMApoint>
        <x>848</x>
        <y>599</y>
        <label>1</label>
        <goldStandard>1</goldStandard>
      </TMApoint>
      <TMApoint>
        <x>859</x>
        <y>553</y>
        <label>1</label>
        <goldStandard>1</goldStandard>
      </TMApoint>
      <TMApoint>
        <x>860</x>
        <y>493</y>
        <label>0</label>
        <goldStandard>1</goldStandard>
      </TMApoint>
      <TMApoint>
        <x>852</x>
        <y>466</y>
        <label>1</label>
        <goldStandard>1</goldStandard>
      </TMApoint>
      <TMApoint>
        <x>899</x>
        <y>836</y>
        <label>0</label>
        <goldStandard>1</goldStandard>
      </TMApoint>
      <TMApoint>
        <x>871</x>
        <y>821</y>
        <label>1</label>
        <goldStandard>1</goldStandard>
      </TMApoint>
      <TMApoint>
        <x>813</x>
        <y>813</y>
        <label>1</label>
        <goldStandard>1</goldStandard>
      </TMApoint>
      <TMApoint>
        <x>834</x>
        <y>776</y>
        <label>1</label>
        <goldStandard>1</goldStandard>
      </TMApoint>
      <TMApoint>
        <x>898</x>
        <y>796</y>
        <label>1</label>
        <goldStandard>1</goldStandard>
      </TMApoint>
      <TMApoint>
        <x>981</x>
        <y>773</y>
        <label>1</label>
        <goldStandard>1</goldStandard>
      </TMApoint>
      <TMApoint>
        <x>997</x>
        <y>801</y>
        <label>1</label>
        <goldStandard>1</goldStandard>
      </TMApoint>
      <TMApoint>
        <x>1043</x>
        <y>753</y>
        <label>0</label>
        <goldStandard>1</goldStandard>
      </TMApoint>
      <TMApoint>
        <x>1089</x>
        <y>757</y>
        <label>1</label>
        <goldStandard>1</goldStandard>
      </TMApoint>
      <TMApoint>
        <x>1009</x>
        <y>658</y>
        <label>1</label>
        <goldStandard>1</goldStandard>
      </TMApoint>
      <TMApoint>
        <x>983</x>
        <y>634</y>
        <label>1</label>
        <goldStandard>1</goldStandard>
      </TMApoint>
      <TMApoint>
        <x>997</x>
        <y>695</y>
        <label>1</label>
        <goldStandard>1</goldStandard>
      </TMApoint>
      <TMApoint>
        <x>928</x>
        <y>496</y>
        <label>1</label>
        <goldStandard>1</goldStandard>
      </TMApoint>
      <TMApoint>
        <x>896</x>
        <y>586</y>
        <label>1</label>
        <goldStandard>1</goldStandard>
      </TMApoint>
      <TMApoint>
        <x>981</x>
        <y>491</y>
        <label>1</label>
        <goldStandard>1</goldStandard>
      </TMApoint>
      <TMApoint>
        <x>1078</x>
        <y>542</y>
        <label>1</label>
        <goldStandard>1</goldStandard>
      </TMApoint>
      <TMApoint>
        <x>1112</x>
        <y>537</y>
        <label>0</label>
        <goldStandard>1</goldStandard>
      </TMApoint>
      <TMApoint>
        <x>1114</x>
        <y>500</y>
        <label>1</label>
        <goldStandard>1</goldStandard>
      </TMApoint>
      <TMApoint>
        <x>1117</x>
        <y>775</y>
        <label>1</label>
        <goldStandard>1</goldStandard>
      </TMApoint>
      <TMApoint>
        <x>876</x>
        <y>615</y>
        <label>1</label>
        <goldStandard>1</goldStandard>
      </TMApoint>
      <TMApoint>
        <x>1218</x>
        <y>823</y>
        <label>0</label>
        <goldStandard>1</goldStandard>
      </TMApoint>
      <TMApoint>
        <x>1211</x>
        <y>862</y>
        <label>0</label>
        <goldStandard>1</goldStandard>
      </TMApoint>
      <TMApoint>
        <x>1282</x>
        <y>806</y>
        <label>0</label>
        <goldStandard>1</goldStandard>
      </TMApoint>
      <TMApoint>
        <x>1306</x>
        <y>853</y>
        <label>0</label>
        <goldStandard>1</goldStandard>
      </TMApoint>
      <TMApoint>
        <x>1184</x>
        <y>668</y>
        <label>0</label>
        <goldStandard>1</goldStandard>
      </TMApoint>
      <TMApoint>
        <x>1148</x>
        <y>662</y>
        <label>0</label>
        <goldStandard>1</goldStandard>
      </TMApoint>
      <TMApoint>
        <x>1166</x>
        <y>543</y>
        <label>0</label>
        <goldStandard>1</goldStandard>
      </TMApoint>
      <TMApoint>
        <x>1183</x>
        <y>458</y>
        <label>0</label>
        <goldStandard>1</goldStandard>
      </TMApoint>
      <TMApoint>
        <x>1225</x>
        <y>503</y>
        <label>0</label>
        <goldStandard>1</goldStandard>
      </TMApoint>
      <TMApoint>
        <x>1261</x>
        <y>563</y>
        <label>0</label>
        <goldStandard>1</goldStandard>
      </TMApoint>
      <TMApoint>
        <x>1211</x>
        <y>629</y>
        <label>0</label>
        <goldStandard>1</goldStandard>
      </TMApoint>
      <TMApoint>
        <x>1189</x>
        <y>586</y>
        <label>1</label>
        <goldStandard>1</goldStandard>
      </TMApoint>
      <TMApoint>
        <x>1245</x>
        <y>670</y>
        <label>1</label>
        <goldStandard>1</goldStandard>
      </TMApoint>
      <TMApoint>
        <x>1297</x>
        <y>760</y>
        <label>1</label>
        <goldStandard>1</goldStandard>
      </TMApoint>
      <TMApoint>
        <x>1320</x>
        <y>580</y>
        <label>0</label>
        <goldStandard>1</goldStandard>
      </TMApoint>
      <TMApoint>
        <x>1378</x>
        <y>584</y>
        <label>0</label>
        <goldStandard>1</goldStandard>
      </TMApoint>
      <TMApoint>
        <x>1351</x>
        <y>501</y>
        <label>0</label>
        <goldStandard>1</goldStandard>
      </TMApoint>
      <TMApoint>
        <x>1359</x>
        <y>454</y>
        <label>0</label>
        <goldStandard>1</goldStandard>
      </TMApoint>
      <TMApoint>
        <x>1275</x>
        <y>437</y>
        <label>1</label>
        <goldStandard>1</goldStandard>
      </TMApoint>
      <TMApoint>
        <x>1231</x>
        <y>412</y>
        <label>0</label>
        <goldStandard>1</goldStandard>
      </TMApoint>
      <TMApoint>
        <x>877</x>
        <y>426</y>
        <label>0</label>
        <goldStandard>1</goldStandard>
      </TMApoint>
      <TMApoint>
        <x>907</x>
        <y>423</y>
        <label>0</label>
        <goldStandard>1</goldStandard>
      </TMApoint>
      <TMApoint>
        <x>975</x>
        <y>445</y>
        <label>0</label>
        <goldStandard>1</goldStandard>
      </TMApoint>
      <TMApoint>
        <x>1036</x>
        <y>929</y>
        <label>0</label>
        <goldStandard>1</goldStandard>
      </TMApoint>
      <TMApoint>
        <x>955</x>
        <y>967</y>
        <label>0</label>
        <goldStandard>1</goldStandard>
      </TMApoint>
      <TMApoint>
        <x>992</x>
        <y>397</y>
        <label>0</label>
        <goldStandard>1</goldStandard>
      </TMApoint>
      <TMApoint>
        <x>977</x>
        <y>358</y>
        <label>0</label>
        <goldStandard>1</goldStandard>
      </TMApoint>
      <TMApoint>
        <x>904</x>
        <y>379</y>
        <label>0</label>
        <goldStandard>1</goldStandard>
      </TMApoint>
      <TMApoint>
        <x>800</x>
        <y>398</y>
        <label>0</label>
        <goldStandard>1</goldStandard>
      </TMApoint>
      <TMApoint>
        <x>935</x>
        <y>343</y>
        <label>0</label>
        <goldStandard>1</goldStandard>
      </TMApoint>
      <TMApoint>
        <x>1060</x>
        <y>407</y>
        <label>0</label>
        <goldStandard>1</goldStandard>
      </TMApoint>
      <TMApoint>
        <x>1094</x>
        <y>410</y>
        <label>0</label>
        <goldStandard>1</goldStandard>
      </TMApoint>
      <TMApoint>
        <x>1159</x>
        <y>410</y>
        <label>0</label>
        <goldStandard>1</goldStandard>
      </TMApoint>
      <TMApoint>
        <x>1153</x>
        <y>351</y>
        <label>1</label>
        <goldStandard>1</goldStandard>
      </TMApoint>
      <TMApoint>
        <x>1066</x>
        <y>356</y>
        <label>1</label>
        <goldStandard>1</goldStandard>
      </TMApoint>
      <TMApoint>
        <x>1377</x>
        <y>728</y>
        <label>1</label>
        <goldStandard>1</goldStandard>
      </TMApoint>
      <TMApoint>
        <x>1386</x>
        <y>792</y>
        <label>1</label>
        <goldStandard>1</goldStandard>
      </TMApoint>
      <TMApoint>
        <x>1198</x>
        <y>938</y>
        <label>1</label>
        <goldStandard>1</goldStandard>
      </TMApoint>
      <TMApoint>
        <x>1060</x>
        <y>967</y>
        <label>1</label>
        <goldStandard>1</goldStandard>
      </TMApoint>
      <TMApoint>
        <x>1070</x>
        <y>945</y>
        <label>1</label>
        <goldStandard>1</goldStandard>
      </TMApoint>
      <TMApoint>
        <x>996</x>
        <y>955</y>
        <label>1</label>
        <goldStandard>1</goldStandard>
      </TMApoint>
      <TMApoint>
        <x>953</x>
        <y>923</y>
        <label>1</label>
        <goldStandard>1</goldStandard>
      </TMApoint>
      <TMApoint>
        <x>965</x>
        <y>876</y>
        <label>1</label>
        <goldStandard>1</goldStandard>
      </TMApoint>
      <TMApoint>
        <x>881</x>
        <y>933</y>
        <label>1</label>
        <goldStandard>1</goldStandard>
      </TMApoint>
      <TMApoint>
        <x>783</x>
        <y>907</y>
        <label>1</label>
        <goldStandard>1</goldStandard>
      </TMApoint>
      <TMApoint>
        <x>849</x>
        <y>949</y>
        <label>1</label>
        <goldStandard>1</goldStandard>
      </TMApoint>
      <TMApoint>
        <x>702</x>
        <y>986</y>
        <label>1</label>
        <goldStandard>1</goldStandard>
      </TMApoint>
      <TMApoint>
        <x>772</x>
        <y>971</y>
        <label>1</label>
        <goldStandard>1</goldStandard>
      </TMApoint>
      <TMApoint>
        <x>779</x>
        <y>1027</y>
        <label>1</label>
        <goldStandard>1</goldStandard>
      </TMApoint>
      <TMApoint>
        <x>743</x>
        <y>1042</y>
        <label>1</label>
        <goldStandard>1</goldStandard>
      </TMApoint>
      <TMApoint>
        <x>875</x>
        <y>1041</y>
        <label>1</label>
        <goldStandard>1</goldStandard>
      </TMApoint>
      <TMApoint>
        <x>972</x>
        <y>1068</y>
        <label>0</label>
        <goldStandard>1</goldStandard>
      </TMApoint>
      <TMApoint>
        <x>738</x>
        <y>947</y>
        <label>1</label>
        <goldStandard>1</goldStandard>
      </TMApoint>
      <TMApoint>
        <x>847</x>
        <y>950</y>
        <label>1</label>
        <goldStandard>1</goldStandard>
      </TMApoint>
      <TMApoint>
        <x>823</x>
        <y>1023</y>
        <label>1</label>
        <goldStandard>1</goldStandard>
      </TMApoint>
      <TMApoint>
        <x>980</x>
        <y>1012</y>
        <label>1</label>
        <goldStandard>1</goldStandard>
      </TMApoint>
      <TMApoint>
        <x>1061</x>
        <y>1017</y>
        <label>1</label>
        <goldStandard>1</goldStandard>
      </TMApoint>
      <TMApoint>
        <x>1479</x>
        <y>861</y>
        <label>0</label>
        <goldStandard>1</goldStandard>
      </TMApoint>
      <TMApoint>
        <x>1484</x>
        <y>933</y>
        <label>0</label>
        <goldStandard>1</goldStandard>
      </TMApoint>
      <TMApoint>
        <x>1475</x>
        <y>985</y>
        <label>0</label>
        <goldStandard>1</goldStandard>
      </TMApoint>
      <TMApoint>
        <x>1472</x>
        <y>1077</y>
        <label>0</label>
        <goldStandard>1</goldStandard>
      </TMApoint>
      <TMApoint>
        <x>1186</x>
        <y>1007</y>
        <label>0</label>
        <goldStandard>1</goldStandard>
      </TMApoint>
      <TMApoint>
        <x>1119</x>
        <y>1019</y>
        <label>1</label>
        <goldStandard>1</goldStandard>
      </TMApoint>
      <TMApoint>
        <x>1150</x>
        <y>1000</y>
        <label>1</label>
        <goldStandard>1</goldStandard>
      </TMApoint>
      <TMApoint>
        <x>1117</x>
        <y>985</y>
        <label>1</label>
        <goldStandard>1</goldStandard>
      </TMApoint>
      <TMApoint>
        <x>1102</x>
        <y>889</y>
        <label>1</label>
        <goldStandard>1</goldStandard>
      </TMApoint>
      <TMApoint>
        <x>1351</x>
        <y>641</y>
        <label>1</label>
        <goldStandard>1</goldStandard>
      </TMApoint>
      <TMApoint>
        <x>1369</x>
        <y>614</y>
        <label>1</label>
        <goldStandard>1</goldStandard>
      </TMApoint>
      <TMApoint>
        <x>1411</x>
        <y>580</y>
        <label>0</label>
        <goldStandard>1</goldStandard>
      </TMApoint>
      <TMApoint>
        <x>1453</x>
        <y>593</y>
        <label>1</label>
        <goldStandard>1</goldStandard>
      </TMApoint>
      <TMApoint>
        <x>1418</x>
        <y>486</y>
        <label>1</label>
        <goldStandard>1</goldStandard>
      </TMApoint>
      <TMApoint>
        <x>1459</x>
        <y>423</y>
        <label>0</label>
        <goldStandard>1</goldStandard>
      </TMApoint>
      <TMApoint>
        <x>1483</x>
        <y>533</y>
        <label>0</label>
        <goldStandard>1</goldStandard>
      </TMApoint>
      <TMApoint>
        <x>1441</x>
        <y>704</y>
        <label>0</label>
        <goldStandard>1</goldStandard>
      </TMApoint>
      <TMApoint>
        <x>1432</x>
        <y>671</y>
        <label>0</label>
        <goldStandard>1</goldStandard>
      </TMApoint>
      <TMApoint>
        <x>1492</x>
        <y>715</y>
        <label>0</label>
        <goldStandard>1</goldStandard>
      </TMApoint>
      <TMApoint>
        <x>1483</x>
        <y>778</y>
        <label>1</label>
        <goldStandard>1</goldStandard>
      </TMApoint>
      <TMApoint>
        <x>1320</x>
        <y>232</y>
        <label>0</label>
        <goldStandard>1</goldStandard>
      </TMApoint>
      <TMApoint>
        <x>1258</x>
        <y>237</y>
        <label>1</label>
        <goldStandard>1</goldStandard>
      </TMApoint>
      <TMApoint>
        <x>1405</x>
        <y>255</y>
        <label>0</label>
        <goldStandard>1</goldStandard>
      </TMApoint>
      <TMApoint>
        <x>1255</x>
        <y>173</y>
        <label>0</label>
        <goldStandard>1</goldStandard>
      </TMApoint>
      <TMApoint>
        <x>1179</x>
        <y>185</y>
        <label>0</label>
        <goldStandard>1</goldStandard>
      </TMApoint>
      <TMApoint>
        <x>1142</x>
        <y>181</y>
        <label>0</label>
        <goldStandard>1</goldStandard>
      </TMApoint>
      <TMApoint>
        <x>1207</x>
        <y>299</y>
        <label>0</label>
        <goldStandard>1</goldStandard>
      </TMApoint>
      <TMApoint>
        <x>1445</x>
        <y>156</y>
        <label>0</label>
        <goldStandard>1</goldStandard>
      </TMApoint>
      <TMApoint>
        <x>1473</x>
        <y>316</y>
        <label>0</label>
        <goldStandard>1</goldStandard>
      </TMApoint>
      <TMApoint>
        <x>1492</x>
        <y>453</y>
        <label>1</label>
        <goldStandard>1</goldStandard>
      </TMApoint>
      <TMApoint>
        <x>811</x>
        <y>879</y>
        <label>0</label>
        <goldStandard>1</goldStandard>
      </TMApoint>
      <TMApoint>
        <x>845</x>
        <y>893</y>
        <label>0</label>
        <goldStandard>1</goldStandard>
      </TMApoint>
      <TMApoint>
        <x>836</x>
        <y>1156</y>
        <label>0</label>
        <goldStandard>1</goldStandard>
      </TMApoint>
      <TMApoint>
        <x>703</x>
        <y>1245</y>
        <label>0</label>
        <goldStandard>1</goldStandard>
      </TMApoint>
      <TMApoint>
        <x>696</x>
        <y>1352</y>
        <label>0</label>
        <goldStandard>1</goldStandard>
      </TMApoint>
      <TMApoint>
        <x>609</x>
        <y>1192</y>
        <label>0</label>
        <goldStandard>1</goldStandard>
      </TMApoint>
      <TMApoint>
        <x>707</x>
        <y>1150</y>
        <label>0</label>
        <goldStandard>1</goldStandard>
      </TMApoint>
      <TMApoint>
        <x>642</x>
        <y>1175</y>
        <label>0</label>
        <goldStandard>1</goldStandard>
      </TMApoint>
      <TMApoint>
        <x>814</x>
        <y>1221</y>
        <label>1</label>
        <goldStandard>1</goldStandard>
      </TMApoint>
      <TMApoint>
        <x>841</x>
        <y>1347</y>
        <label>0</label>
        <goldStandard>1</goldStandard>
      </TMApoint>
      <TMApoint>
        <x>878</x>
        <y>1181</y>
        <label>1</label>
        <goldStandard>1</goldStandard>
      </TMApoint>
      <TMApoint>
        <x>890</x>
        <y>1098</y>
        <label>0</label>
        <goldStandard>1</goldStandard>
      </TMApoint>
      <TMApoint>
        <x>922</x>
        <y>1171</y>
        <label>1</label>
        <goldStandard>1</goldStandard>
      </TMApoint>
      <TMApoint>
        <x>930</x>
        <y>1257</y>
        <label>1</label>
        <goldStandard>1</goldStandard>
      </TMApoint>
      <TMApoint>
        <x>892</x>
        <y>1352</y>
        <label>1</label>
        <goldStandard>1</goldStandard>
      </TMApoint>
      <TMApoint>
        <x>917</x>
        <y>1292</y>
        <label>1</label>
        <goldStandard>1</goldStandard>
      </TMApoint>
      <TMApoint>
        <x>821</x>
        <y>1305</y>
        <label>1</label>
        <goldStandard>1</goldStandard>
      </TMApoint>
      <TMApoint>
        <x>878</x>
        <y>1282</y>
        <label>1</label>
        <goldStandard>1</goldStandard>
      </TMApoint>
      <TMApoint>
        <x>915</x>
        <y>1205</y>
        <label>1</label>
        <goldStandard>1</goldStandard>
      </TMApoint>
      <TMApoint>
        <x>857</x>
        <y>1207</y>
        <label>1</label>
        <goldStandard>1</goldStandard>
      </TMApoint>
      <TMApoint>
        <x>947</x>
        <y>1219</y>
        <label>1</label>
        <goldStandard>1</goldStandard>
      </TMApoint>
      <TMApoint>
        <x>728</x>
        <y>1296</y>
        <label>1</label>
        <goldStandard>1</goldStandard>
      </TMApoint>
      <TMApoint>
        <x>680</x>
        <y>1203</y>
        <label>1</label>
        <goldStandard>1</goldStandard>
      </TMApoint>
      <TMApoint>
        <x>686</x>
        <y>1096</y>
        <label>1</label>
        <goldStandard>1</goldStandard>
      </TMApoint>
      <TMApoint>
        <x>1097</x>
        <y>1321</y>
        <label>0</label>
        <goldStandard>1</goldStandard>
      </TMApoint>
      <TMApoint>
        <x>1006</x>
        <y>1207</y>
        <label>1</label>
        <goldStandard>1</goldStandard>
      </TMApoint>
      <TMApoint>
        <x>1031</x>
        <y>1144</y>
        <label>1</label>
        <goldStandard>1</goldStandard>
      </TMApoint>
      <TMApoint>
        <x>1190</x>
        <y>1095</y>
        <label>0</label>
        <goldStandard>1</goldStandard>
      </TMApoint>
      <TMApoint>
        <x>1218</x>
        <y>1129</y>
        <label>0</label>
        <goldStandard>1</goldStandard>
      </TMApoint>
      <TMApoint>
        <x>1165</x>
        <y>1067</y>
        <label>1</label>
        <goldStandard>1</goldStandard>
      </TMApoint>
      <TMApoint>
        <x>1269</x>
        <y>1039</y>
        <label>0</label>
        <goldStandard>1</goldStandard>
      </TMApoint>
      <TMApoint>
        <x>1175</x>
        <y>1243</y>
        <label>0</label>
        <goldStandard>1</goldStandard>
      </TMApoint>
      <TMApoint>
        <x>1152</x>
        <y>1191</y>
        <label>1</label>
        <goldStandard>1</goldStandard>
      </TMApoint>
      <TMApoint>
        <x>1114</x>
        <y>1179</y>
        <label>1</label>
        <goldStandard>1</goldStandard>
      </TMApoint>
      <TMApoint>
        <x>1099</x>
        <y>1147</y>
        <label>1</label>
        <goldStandard>1</goldStandard>
      </TMApoint>
      <TMApoint>
        <x>1049</x>
        <y>1186</y>
        <label>1</label>
        <goldStandard>1</goldStandard>
      </TMApoint>
      <TMApoint>
        <x>968</x>
        <y>1179</y>
        <label>1</label>
        <goldStandard>1</goldStandard>
      </TMApoint>
      <TMApoint>
        <x>945</x>
        <y>1351</y>
        <label>1</label>
        <goldStandard>1</goldStandard>
      </TMApoint>
      <TMApoint>
        <x>1318</x>
        <y>1245</y>
        <label>1</label>
        <goldStandard>1</goldStandard>
      </TMApoint>
      <TMApoint>
        <x>1302</x>
        <y>1297</y>
        <label>0</label>
        <goldStandard>1</goldStandard>
      </TMApoint>
      <TMApoint>
        <x>1168</x>
        <y>1343</y>
        <label>1</label>
        <goldStandard>1</goldStandard>
      </TMApoint>
      <TMApoint>
        <x>1372</x>
        <y>1280</y>
        <label>0</label>
        <goldStandard>1</goldStandard>
      </TMApoint>
      <TMApoint>
        <x>1332</x>
        <y>1015</y>
        <label>1</label>
        <goldStandard>1</goldStandard>
      </TMApoint>
      <TMApoint>
        <x>1192</x>
        <y>883</y>
        <label>1</label>
        <goldStandard>1</goldStandard>
      </TMApoint>
      <TMApoint>
        <x>1220</x>
        <y>896</y>
        <label>1</label>
        <goldStandard>1</goldStandard>
      </TMApoint>
      <TMApoint>
        <x>879</x>
        <y>959</y>
        <label>1</label>
        <goldStandard>1</goldStandard>
      </TMApoint>
      <TMApoint>
        <x>1011</x>
        <y>1362</y>
        <label>1</label>
        <goldStandard>1</goldStandard>
      </TMApoint>
      <TMApoint>
        <x>1384</x>
        <y>1348</y>
        <label>0</label>
        <goldStandard>1</goldStandard>
      </TMApoint>
      <TMApoint>
        <x>1272</x>
        <y>1096</y>
        <label>1</label>
        <goldStandard>1</goldStandard>
      </TMApoint>
      <TMApoint>
        <x>1441</x>
        <y>1176</y>
        <label>1</label>
        <goldStandard>1</goldStandard>
      </TMApoint>
      <TMApoint>
        <x>1481</x>
        <y>1323</y>
        <label>0</label>
        <goldStandard>1</goldStandard>
      </TMApoint>
      <TMApoint>
        <x>1466</x>
        <y>1361</y>
        <label>0</label>
        <goldStandard>1</goldStandard>
      </TMApoint>
      <TMApoint>
        <x>1416</x>
        <y>1061</y>
        <label>1</label>
        <goldStandard>1</goldStandard>
      </TMApoint>
      <TMApoint>
        <x>1387</x>
        <y>1014</y>
        <label>1</label>
        <goldStandard>1</goldStandard>
      </TMApoint>
      <TMApoint>
        <x>683</x>
        <y>1442</y>
        <label>0</label>
        <goldStandard>1</goldStandard>
      </TMApoint>
      <TMApoint>
        <x>776</x>
        <y>1472</y>
        <label>1</label>
        <goldStandard>1</goldStandard>
      </TMApoint>
      <TMApoint>
        <x>860</x>
        <y>1432</y>
        <label>1</label>
        <goldStandard>1</goldStandard>
      </TMApoint>
      <TMApoint>
        <x>989</x>
        <y>1409</y>
        <label>0</label>
        <goldStandard>1</goldStandard>
      </TMApoint>
      <TMApoint>
        <x>765</x>
        <y>1422</y>
        <label>1</label>
        <goldStandard>1</goldStandard>
      </TMApoint>
      <TMApoint>
        <x>1161</x>
        <y>1482</y>
        <label>1</label>
        <goldStandard>1</goldStandard>
      </TMApoint>
      <TMApoint>
        <x>1209</x>
        <y>1432</y>
        <label>1</label>
        <goldStandard>1</goldStandard>
      </TMApoint>
      <TMApoint>
        <x>1104</x>
        <y>1418</y>
        <label>0</label>
        <goldStandard>1</goldStandard>
      </TMApoint>
      <TMApoint>
        <x>1225</x>
        <y>1392</y>
        <label>0</label>
        <goldStandard>1</goldStandard>
      </TMApoint>
      <TMApoint>
        <x>1164</x>
        <y>1403</y>
        <label>1</label>
        <goldStandard>1</goldStandard>
      </TMApoint>
      <TMApoint>
        <x>1138</x>
        <y>1401</y>
        <label>1</label>
        <goldStandard>1</goldStandard>
      </TMApoint>
      <TMApoint>
        <x>1291</x>
        <y>1434</y>
        <label>1</label>
        <goldStandard>1</goldStandard>
      </TMApoint>
      <TMApoint>
        <x>1258</x>
        <y>1455</y>
        <label>1</label>
        <goldStandard>1</goldStandard>
      </TMApoint>
      <TMApoint>
        <x>1133</x>
        <y>1469</y>
        <label>1</label>
        <goldStandard>1</goldStandard>
      </TMApoint>
      <TMApoint>
        <x>1040</x>
        <y>1478</y>
        <label>1</label>
        <goldStandard>1</goldStandard>
      </TMApoint>
      <TMApoint>
        <x>1029</x>
        <y>1497</y>
        <label>1</label>
        <goldStandard>1</goldStandard>
      </TMApoint>
      <TMApoint>
        <x>1285</x>
        <y>1395</y>
        <label>1</label>
        <goldStandard>1</goldStandard>
      </TMApoint>
      <TMApoint>
        <x>1336</x>
        <y>1429</y>
        <label>0</label>
        <goldStandard>1</goldStandard>
      </TMApoint>
      <TMApoint>
        <x>1368</x>
        <y>1428</y>
        <label>0</label>
        <goldStandard>1</goldStandard>
      </TMApoint>
      <TMApoint>
        <x>1460</x>
        <y>1398</y>
        <label>1</label>
        <goldStandard>1</goldStandard>
      </TMApoint>
      <TMApoint>
        <x>1475</x>
        <y>1469</y>
        <label>0</label>
        <goldStandard>1</goldStandard>
      </TMApoint>
      <TMApoint>
        <x>591</x>
        <y>871</y>
        <label>1</label>
        <goldStandard>1</goldStandard>
      </TMApoint>
      <TMApoint>
        <x>620</x>
        <y>697</y>
        <label>1</label>
        <goldStandard>1</goldStandard>
      </TMApoint>
      <TMApoint>
        <x>1016</x>
        <y>255</y>
        <label>1</label>
        <goldStandard>1</goldStandard>
      </TMApoint>
      <TMApoint>
        <x>1221</x>
        <y>367</y>
        <label>1</label>
        <goldStandard>1</goldStandard>
      </TMApoint>
      <TMApoint>
        <x>1492</x>
        <y>247</y>
        <label>1</label>
        <goldStandard>1</goldStandard>
      </TMApoint>
      <TMApoint>
        <x>1375</x>
        <y>148</y>
        <label>1</label>
        <goldStandard>1</goldStandard>
      </TMApoint>
      <TMApoint>
        <x>1460</x>
        <y>212</y>
        <label>1</label>
        <goldStandard>1</goldStandard>
      </TMApoint>
      <TMApoint>
        <x>1254</x>
        <y>207</y>
        <label>1</label>
        <goldStandard>1</goldStandard>
      </TMApoint>
      <TMApoint>
        <x>1364</x>
        <y>845</y>
        <label>1</label>
        <goldStandard>1</goldStandard>
      </TMApoint>
      <TMApoint>
        <x>1047</x>
        <y>1255</y>
        <label>1</label>
        <goldStandard>1</goldStandard>
      </TMApoint>
      <TMApoint>
        <x>1088</x>
        <y>1090</y>
        <label>1</label>
        <goldStandard>1</goldStandard>
      </TMApoint>
      <TMApoint>
        <x>823</x>
        <y>1069</y>
        <label>1</label>
        <goldStandard>1</goldStandard>
      </TMApoint>
      <TMApoint>
        <x>756</x>
        <y>1293</y>
        <label>1</label>
        <goldStandard>1</goldStandard>
      </TMApoint>
      <TMApoint>
        <x>766</x>
        <y>1330</y>
        <label>1</label>
        <goldStandard>1</goldStandard>
      </TMApoint>
      <TMApoint>
        <x>860</x>
        <y>1411</y>
        <label>1</label>
        <goldStandard>1</goldStandard>
      </TMApoint>
      <TMApoint>
        <x>1220</x>
        <y>1351</y>
        <label>1</label>
        <goldStandard>1</goldStandard>
      </TMApoint>
      <TMApoint>
        <x>1063</x>
        <y>1344</y>
        <label>1</label>
        <goldStandard>1</goldStandard>
      </TMApoint>
      <TMApoint>
        <x>1060</x>
        <y>1313</y>
        <label>1</label>
        <goldStandard>1</goldStandard>
      </TMApoint>
      <TMApoint>
        <x>1198</x>
        <y>1216</y>
        <label>1</label>
        <goldStandard>1</goldStandard>
      </TMApoint>
      <TMApoint>
        <x>1269</x>
        <y>1312</y>
        <label>1</label>
        <goldStandard>1</goldStandard>
      </TMApoint>
      <TMApoint>
        <x>657</x>
        <y>816</y>
        <label>1</label>
        <goldStandard>1</goldStandard>
      </TMApoint>
      <TMApoint>
        <x>700</x>
        <y>827</y>
        <label>1</label>
        <goldStandard>1</goldStandard>
      </TMApoint>
      <TMApoint>
        <x>578</x>
        <y>1279</y>
        <label>1</label>
        <goldStandard>1</goldStandard>
      </TMApoint>
      <TMApoint>
        <x>403</x>
        <y>1494</y>
        <label>1</label>
        <goldStandard>1</goldStandard>
      </TMApoint>
      <TMApoint>
        <x>853</x>
        <y>988</y>
        <label>1</label>
        <goldStandard>1</goldStandard>
      </TMApoint>
      <TMApoint>
        <x>554</x>
        <y>651</y>
        <label>1</label>
        <goldStandard>1</goldStandard>
      </TMApoint>
      <TMApoint>
        <x>1094</x>
        <y>711</y>
        <label>1</label>
        <goldStandard>1</goldStandard>
      </TMApoint>
      <TMApoint>
        <x>1059</x>
        <y>713</y>
        <label>1</label>
        <goldStandard>1</goldStandard>
      </TMApoint>
      <TMApoint>
        <x>978</x>
        <y>1217</y>
        <label>1</label>
        <goldStandard>1</goldStandard>
      </TMApoint>
      <TMApoint>
        <x>1340</x>
        <y>778</y>
        <label>1</label>
        <goldStandard>1</goldStandard>
      </TMApoint>
      <TMApoint>
        <x>1101</x>
        <y>269</y>
        <label>1</label>
        <goldStandard>1</goldStandard>
      </TMApoint>
      <TMApoint>
        <x>811</x>
        <y>344</y>
        <label>1</label>
        <goldStandard>1</goldStandard>
      </TMApoint>
      <TMApoint>
        <x>1016</x>
        <y>222</y>
        <label>1</label>
        <goldStandard>1</goldStandard>
      </TMApoint>
      <TMApoint>
        <x>1484</x>
        <y>709</y>
        <label>1</label>
        <goldStandard>1</goldStandard>
      </TMApoint>
      <TMApoint>
        <x>1477</x>
        <y>567</y>
        <label>1</label>
        <goldStandard>1</goldStandard>
      </TMApoint>
      <TMApoint>
        <x>1210</x>
        <y>221</y>
        <label>1</label>
        <goldStandard>1</goldStandard>
      </TMApoint>
      <TMApoint>
        <x>815</x>
        <y>1395</y>
        <label>1</label>
        <goldStandard>1</goldStandard>
      </TMApoint>
      <TMApoint>
        <x>542</x>
        <y>1376</y>
        <label>1</label>
        <goldStandard>1</goldStandard>
      </TMApoint>
      <TMApoint>
        <x>549</x>
        <y>601</y>
        <label>1</label>
        <goldStandard>1</goldStandard>
      </TMApoint>
      <TMApoint>
        <x>1026</x>
        <y>908</y>
        <label>1</label>
        <goldStandard>1</goldStandard>
      </TMApoint>
      <TMApoint>
        <x>1327</x>
        <y>1203</y>
        <label>1</label>
        <goldStandard>1</goldStandard>
      </TMApoint>
      <TMApoint>
        <x>1344</x>
        <y>1058</y>
        <label>1</label>
        <goldStandard>1</goldStandard>
      </TMApoint>
      <TMApoint>
        <x>1323</x>
        <y>1038</y>
        <label>1</label>
        <goldStandard>1</goldStandard>
      </TMApoint>
      <TMApoint>
        <x>998</x>
        <y>1099</y>
        <label>1</label>
        <goldStandard>1</goldStandard>
      </TMApoint>
      <TMApoint>
        <x>1496</x>
        <y>269</y>
        <label>1</label>
        <goldStandard>1</goldStandard>
      </TMApoint>
      <TMApoint>
        <x>1467</x>
        <y>456</y>
        <label>1</label>
        <goldStandard>1</goldStandard>
      </TMApoint>
      <TMApoint>
        <x>391</x>
        <y>1464</y>
        <label>1</label>
        <goldStandard>1</goldStandard>
      </TMApoint>
      <TMApoint>
        <x>438</x>
        <y>1469</y>
        <label>1</label>
        <goldStandard>1</goldStandard>
      </TMApoint>
      <TMApoint>
        <x>450</x>
        <y>1431</y>
        <label>1</label>
        <goldStandard>1</goldStandard>
      </TMApoint>
      <TMApoint>
        <x>1267</x>
        <y>709</y>
        <label>1</label>
        <goldStandard>1</goldStandard>
      </TMApoint>
      <TMApoint>
        <x>1215</x>
        <y>1053</y>
        <label>1</label>
        <goldStandard>1</goldStandard>
      </TMApoint>
      <TMApoint>
        <x>1248</x>
        <y>973</y>
        <label>1</label>
        <goldStandard>1</goldStandard>
      </TMApoint>
      <TMApoint>
        <x>951</x>
        <y>1020</y>
        <label>1</label>
        <goldStandard>1</goldStandard>
      </TMApoint>
    </nuclei>
    <param__r>-1</param__r>
    <param__t1>-1</param__t1>
    <param__t2>-1</param__t2>
    <param__nsuperpx>0</param__nsuperpx>
   <param__smoothness>-1</param__smoothness>
    <param__lab__space>true</param__lab__space>
    <param__bgx>-1</param__bgx>
    <param__bgy>-1</param__bgy>
  </TMAspot>
</list>