<list>
  <TMAspot>
    <original__filename>..\spots_C_07_6_top_left.png</original__filename>
    <bgCorrected__filename></bgCorrected__filename>
    <nuclei>
    	<TMApoint>
        <x>522</x>
        <y>1137</y>
        <label>0</label>
        <goldStandard>1</goldStandard>
      </TMApoint>
      <TMApoint>
        <x>513</x>
        <y>1229</y>
        <label>0</label>
        <goldStandard>1</goldStandard>
      </TMApoint>
      <TMApoint>
        <x>810</x>
        <y>759</y>
        <label>0</label>
        <goldStandard>1</goldStandard>
      </TMApoint>
      <TMApoint>
        <x>681</x>
        <y>793</y>
        <label>0</label>
        <goldStandard>1</goldStandard>
      </TMApoint>
      <TMApoint>
        <x>731</x>
        <y>762</y>
        <label>0</label>
        <goldStandard>1</goldStandard>
      </TMApoint>
      <TMApoint>
        <x>679</x>
        <y>755</y>
        <label>0</label>
        <goldStandard>1</goldStandard>
      </TMApoint>
      <TMApoint>
        <x>664</x>
        <y>959</y>
        <label>0</label>
        <goldStandard>1</goldStandard>
      </TMApoint>
      <TMApoint>
        <x>697</x>
        <y>966</y>
        <label>1</label>
        <goldStandard>1</goldStandard>
      </TMApoint>
      <TMApoint>
        <x>894</x>
        <y>752</y>
        <label>0</label>
        <goldStandard>1</goldStandard>
      </TMApoint>
      <TMApoint>
        <x>761</x>
        <y>1043</y>
        <label>0</label>
        <goldStandard>1</goldStandard>
      </TMApoint>
      <TMApoint>
        <x>656</x>
        <y>1058</y>
        <label>0</label>
        <goldStandard>1</goldStandard>
      </TMApoint>
      <TMApoint>
        <x>853</x>
        <y>718</y>
        <label>0</label>
        <goldStandard>1</goldStandard>
      </TMApoint>
      <TMApoint>
        <x>918</x>
        <y>724</y>
        <label>1</label>
        <goldStandard>1</goldStandard>
      </TMApoint>
      <TMApoint>
        <x>909</x>
        <y>1046</y>
        <label>0</label>
        <goldStandard>1</goldStandard>
      </TMApoint>
      <TMApoint>
        <x>743</x>
        <y>999</y>
        <label>1</label>
        <goldStandard>1</goldStandard>
      </TMApoint>
      <TMApoint>
        <x>756</x>
        <y>984</y>
        <label>1</label>
        <goldStandard>1</goldStandard>
      </TMApoint>
      <TMApoint>
        <x>953</x>
        <y>591</y>
        <label>1</label>
        <goldStandard>1</goldStandard>
      </TMApoint>
      <TMApoint>
        <x>975</x>
        <y>608</y>
        <label>1</label>
        <goldStandard>1</goldStandard>
      </TMApoint>
      <TMApoint>
        <x>879</x>
        <y>615</y>
        <label>0</label>
        <goldStandard>1</goldStandard>
      </TMApoint>
      <TMApoint>
        <x>788</x>
        <y>592</y>
        <label>0</label>
        <goldStandard>1</goldStandard>
      </TMApoint>
      <TMApoint>
        <x>947</x>
        <y>747</y>
        <label>1</label>
        <goldStandard>1</goldStandard>
      </TMApoint>
      <TMApoint>
        <x>995</x>
        <y>947</y>
        <label>0</label>
        <goldStandard>1</goldStandard>
      </TMApoint>
      <TMApoint>
        <x>1022</x>
        <y>878</y>
        <label>0</label>
        <goldStandard>1</goldStandard>
      </TMApoint>
      <TMApoint>
        <x>961</x>
        <y>1023</y>
        <label>0</label>
        <goldStandard>1</goldStandard>
      </TMApoint>
      <TMApoint>
        <x>1048</x>
        <y>630</y>
        <label>0</label>
        <goldStandard>1</goldStandard>
      </TMApoint>
      <TMApoint>
        <x>874</x>
        <y>534</y>
        <label>0</label>
        <goldStandard>1</goldStandard>
      </TMApoint>
      <TMApoint>
        <x>774</x>
        <y>677</y>
        <label>1</label>
        <goldStandard>1</goldStandard>
      </TMApoint>
      <TMApoint>
        <x>1103</x>
        <y>618</y>
        <label>0</label>
        <goldStandard>1</goldStandard>
      </TMApoint>
      <TMApoint>
        <x>1128</x>
        <y>539</y>
        <label>1</label>
        <goldStandard>1</goldStandard>
      </TMApoint>
      <TMApoint>
        <x>1113</x>
        <y>474</y>
        <label>1</label>
        <goldStandard>1</goldStandard>
      </TMApoint>
      <TMApoint>
        <x>1286</x>
        <y>504</y>
        <label>0</label>
        <goldStandard>1</goldStandard>
      </TMApoint>
      <TMApoint>
        <x>1350</x>
        <y>495</y>
        <label>0</label>
        <goldStandard>1</goldStandard>
      </TMApoint>
      <TMApoint>
        <x>1288</x>
        <y>546</y>
        <label>1</label>
        <goldStandard>1</goldStandard>
      </TMApoint>
      <TMApoint>
        <x>1331</x>
        <y>549</y>
        <label>1</label>
        <goldStandard>1</goldStandard>
      </TMApoint>
      <TMApoint>
        <x>1286</x>
        <y>597</y>
        <label>1</label>
        <goldStandard>1</goldStandard>
      </TMApoint>
      <TMApoint>
        <x>1248</x>
        <y>622</y>
        <label>1</label>
        <goldStandard>1</goldStandard>
      </TMApoint>
      <TMApoint>
        <x>1175</x>
        <y>657</y>
        <label>1</label>
        <goldStandard>1</goldStandard>
      </TMApoint>
      <TMApoint>
        <x>1268</x>
        <y>732</y>
        <label>0</label>
        <goldStandard>1</goldStandard>
      </TMApoint>
      <TMApoint>
        <x>1290</x>
        <y>709</y>
        <label>1</label>
        <goldStandard>1</goldStandard>
      </TMApoint>
      <TMApoint>
        <x>1281</x>
        <y>693</y>
        <label>1</label>
        <goldStandard>1</goldStandard>
      </TMApoint>
      <TMApoint>
        <x>1245</x>
        <y>750</y>
        <label>1</label>
        <goldStandard>1</goldStandard>
      </TMApoint>
      <TMApoint>
        <x>1175</x>
        <y>771</y>
        <label>1</label>
        <goldStandard>1</goldStandard>
      </TMApoint>
      <TMApoint>
        <x>1092</x>
        <y>777</y>
        <label>0</label>
        <goldStandard>1</goldStandard>
      </TMApoint>
      <TMApoint>
        <x>1151</x>
        <y>778</y>
        <label>1</label>
        <goldStandard>1</goldStandard>
      </TMApoint>
      <TMApoint>
        <x>1055</x>
        <y>839</y>
        <label>0</label>
        <goldStandard>1</goldStandard>
      </TMApoint>
      <TMApoint>
        <x>1169</x>
        <y>831</y>
        <label>1</label>
        <goldStandard>1</goldStandard>
      </TMApoint>
      <TMApoint>
        <x>1140</x>
        <y>853</y>
        <label>1</label>
        <goldStandard>1</goldStandard>
      </TMApoint>
      <TMApoint>
        <x>1360</x>
        <y>685</y>
        <label>0</label>
        <goldStandard>1</goldStandard>
      </TMApoint>
      <TMApoint>
        <x>1411</x>
        <y>697</y>
        <label>0</label>
        <goldStandard>1</goldStandard>
      </TMApoint>
      <TMApoint>
        <x>1411</x>
        <y>584</y>
        <label>1</label>
        <goldStandard>1</goldStandard>
      </TMApoint>
      <TMApoint>
        <x>1461</x>
        <y>589</y>
        <label>0</label>
        <goldStandard>1</goldStandard>
      </TMApoint>
      <TMApoint>
        <x>1361</x>
        <y>548</y>
        <label>1</label>
        <goldStandard>1</goldStandard>
      </TMApoint>
      <TMApoint>
        <x>1373</x>
        <y>383</y>
        <label>0</label>
        <goldStandard>1</goldStandard>
      </TMApoint>
      <TMApoint>
        <x>1361</x>
        <y>329</y>
        <label>0</label>
        <goldStandard>1</goldStandard>
      </TMApoint>
      <TMApoint>
        <x>1397</x>
        <y>326</y>
        <label>0</label>
        <goldStandard>1</goldStandard>
      </TMApoint>
      <TMApoint>
        <x>1134</x>
        <y>316</y>
        <label>1</label>
        <goldStandard>1</goldStandard>
      </TMApoint>
      <TMApoint>
        <x>1413</x>
        <y>248</y>
        <label>0</label>
        <goldStandard>1</goldStandard>
      </TMApoint>
      <TMApoint>
        <x>1448</x>
        <y>218</y>
        <label>0</label>
        <goldStandard>1</goldStandard>
      </TMApoint>
      <TMApoint>
        <x>1464</x>
        <y>354</y>
        <label>1</label>
        <goldStandard>1</goldStandard>
      </TMApoint>
      <TMApoint>
        <x>1479</x>
        <y>281</y>
        <label>0</label>
        <goldStandard>1</goldStandard>
      </TMApoint>
      <TMApoint>
        <x>1365</x>
        <y>434</y>
        <label>1</label>
        <goldStandard>1</goldStandard>
      </TMApoint>
      <TMApoint>
        <x>1354</x>
        <y>404</y>
        <label>1</label>
        <goldStandard>1</goldStandard>
      </TMApoint>
      <TMApoint>
        <x>1430</x>
        <y>372</y>
        <label>1</label>
        <goldStandard>1</goldStandard>
      </TMApoint>
      <TMApoint>
        <x>1303</x>
        <y>618</y>
        <label>1</label>
        <goldStandard>1</goldStandard>
      </TMApoint>
      <TMApoint>
        <x>1181</x>
        <y>867</y>
        <label>1</label>
        <goldStandard>1</goldStandard>
      </TMApoint>
      <TMApoint>
        <x>1111</x>
        <y>889</y>
        <label>1</label>
        <goldStandard>1</goldStandard>
      </TMApoint>
      <TMApoint>
        <x>1152</x>
        <y>926</y>
        <label>1</label>
        <goldStandard>1</goldStandard>
      </TMApoint>
      <TMApoint>
        <x>1108</x>
        <y>965</y>
        <label>0</label>
        <goldStandard>1</goldStandard>
      </TMApoint>
      <TMApoint>
        <x>1147</x>
        <y>987</y>
        <label>1</label>
        <goldStandard>1</goldStandard>
      </TMApoint>
      <TMApoint>
        <x>1071</x>
        <y>1039</y>
        <label>0</label>
        <goldStandard>1</goldStandard>
      </TMApoint>
      <TMApoint>
        <x>1082</x>
        <y>1000</y>
        <label>0</label>
        <goldStandard>1</goldStandard>
      </TMApoint>
      <TMApoint>
        <x>1122</x>
        <y>1036</y>
        <label>1</label>
        <goldStandard>1</goldStandard>
      </TMApoint>
      <TMApoint>
        <x>1122</x>
        <y>1075</y>
        <label>1</label>
        <goldStandard>1</goldStandard>
      </TMApoint>
      <TMApoint>
        <x>955</x>
        <y>1089</y>
        <label>1</label>
        <goldStandard>1</goldStandard>
      </TMApoint>
      <TMApoint>
        <x>972</x>
        <y>1062</y>
        <label>1</label>
        <goldStandard>1</goldStandard>
      </TMApoint>
      <TMApoint>
        <x>1351</x>
        <y>932</y>
        <label>1</label>
        <goldStandard>1</goldStandard>
      </TMApoint>
      <TMApoint>
        <x>1290</x>
        <y>940</y>
        <label>0</label>
        <goldStandard>1</goldStandard>
      </TMApoint>
      <TMApoint>
        <x>1259</x>
        <y>838</y>
        <label>0</label>
        <goldStandard>1</goldStandard>
      </TMApoint>
      <TMApoint>
        <x>1230</x>
        <y>804</y>
        <label>1</label>
        <goldStandard>1</goldStandard>
      </TMApoint>
      <TMApoint>
        <x>1287</x>
        <y>804</y>
        <label>0</label>
        <goldStandard>1</goldStandard>
      </TMApoint>
      <TMApoint>
        <x>1428</x>
        <y>896</y>
        <label>1</label>
        <goldStandard>1</goldStandard>
      </TMApoint>
      <TMApoint>
        <x>1398</x>
        <y>809</y>
        <label>1</label>
        <goldStandard>1</goldStandard>
      </TMApoint>
      <TMApoint>
        <x>1356</x>
        <y>885</y>
        <label>0</label>
        <goldStandard>1</goldStandard>
      </TMApoint>
      <TMApoint>
        <x>1315</x>
        <y>994</y>
        <label>1</label>
        <goldStandard>1</goldStandard>
      </TMApoint>
      <TMApoint>
        <x>1260</x>
        <y>1080</y>
        <label>1</label>
        <goldStandard>1</goldStandard>
      </TMApoint>
      <TMApoint>
        <x>1191</x>
        <y>1066</y>
        <label>1</label>
        <goldStandard>1</goldStandard>
      </TMApoint>
      <TMApoint>
        <x>1469</x>
        <y>837</y>
        <label>1</label>
        <goldStandard>1</goldStandard>
      </TMApoint>
      <TMApoint>
        <x>1482</x>
        <y>813</y>
        <label>1</label>
        <goldStandard>1</goldStandard>
      </TMApoint>
      <TMApoint>
        <x>1420</x>
        <y>990</y>
        <label>0</label>
        <goldStandard>1</goldStandard>
      </TMApoint>
      <TMApoint>
        <x>1393</x>
        <y>1066</y>
        <label>1</label>
        <goldStandard>1</goldStandard>
      </TMApoint>
      <TMApoint>
        <x>1336</x>
        <y>1078</y>
        <label>1</label>
        <goldStandard>1</goldStandard>
      </TMApoint>
      <TMApoint>
        <x>1337</x>
        <y>1025</y>
        <label>1</label>
        <goldStandard>1</goldStandard>
      </TMApoint>
      <TMApoint>
        <x>1369</x>
        <y>1021</y>
        <label>1</label>
        <goldStandard>1</goldStandard>
      </TMApoint>
      <TMApoint>
        <x>1284</x>
        <y>1042</y>
        <label>1</label>
        <goldStandard>1</goldStandard>
      </TMApoint>
      <TMApoint>
        <x>1366</x>
        <y>953</y>
        <label>1</label>
        <goldStandard>1</goldStandard>
      </TMApoint>
      <TMApoint>
        <x>1437</x>
        <y>917</y>
        <label>1</label>
        <goldStandard>1</goldStandard>
      </TMApoint>
      <TMApoint>
        <x>1411</x>
        <y>949</y>
        <label>1</label>
        <goldStandard>1</goldStandard>
      </TMApoint>
      <TMApoint>
        <x>1453</x>
        <y>931</y>
        <label>1</label>
        <goldStandard>1</goldStandard>
      </TMApoint>
      <TMApoint>
        <x>1485</x>
        <y>906</y>
        <label>0</label>
        <goldStandard>1</goldStandard>
      </TMApoint>
      <TMApoint>
        <x>1380</x>
        <y>860</y>
        <label>1</label>
        <goldStandard>1</goldStandard>
      </TMApoint>
      <TMApoint>
        <x>1411</x>
        <y>863</y>
        <label>1</label>
        <goldStandard>1</goldStandard>
      </TMApoint>
      <TMApoint>
        <x>1213</x>
        <y>1034</y>
        <label>1</label>
        <goldStandard>1</goldStandard>
      </TMApoint>
      <TMApoint>
        <x>927</x>
        <y>924</y>
        <label>1</label>
        <goldStandard>1</goldStandard>
      </TMApoint>
      <TMApoint>
        <x>793</x>
        <y>1048</y>
        <label>1</label>
        <goldStandard>1</goldStandard>
      </TMApoint>
      <TMApoint>
        <x>1109</x>
        <y>936</y>
        <label>1</label>
        <goldStandard>1</goldStandard>
      </TMApoint>
      <TMApoint>
        <x>1050</x>
        <y>949</y>
        <label>1</label>
        <goldStandard>1</goldStandard>
      </TMApoint>
      <TMApoint>
        <x>1486</x>
        <y>721</y>
        <label>0</label>
        <goldStandard>1</goldStandard>
      </TMApoint>
      <TMApoint>
        <x>1452</x>
        <y>778</y>
        <label>1</label>
        <goldStandard>1</goldStandard>
      </TMApoint>
      <TMApoint>
        <x>1474</x>
        <y>1000</y>
        <label>0</label>
        <goldStandard>1</goldStandard>
      </TMApoint>
      <TMApoint>
        <x>1452</x>
        <y>1471</y>
        <label>1</label>
        <goldStandard>1</goldStandard>
      </TMApoint>
      <TMApoint>
        <x>1451</x>
        <y>1397</y>
        <label>1</label>
        <goldStandard>1</goldStandard>
      </TMApoint>
      <TMApoint>
        <x>1426</x>
        <y>1445</y>
        <label>1</label>
        <goldStandard>1</goldStandard>
      </TMApoint>
      <TMApoint>
        <x>1387</x>
        <y>1459</y>
        <label>1</label>
        <goldStandard>1</goldStandard>
      </TMApoint>
      <TMApoint>
        <x>1389</x>
        <y>1385</y>
        <label>1</label>
        <goldStandard>1</goldStandard>
      </TMApoint>
      <TMApoint>
        <x>1385</x>
        <y>1347</y>
        <label>1</label>
        <goldStandard>1</goldStandard>
      </TMApoint>
      <TMApoint>
        <x>1363</x>
        <y>1322</y>
        <label>1</label>
        <goldStandard>1</goldStandard>
      </TMApoint>
      <TMApoint>
        <x>1404</x>
        <y>1166</y>
        <label>0</label>
        <goldStandard>1</goldStandard>
      </TMApoint>
      <TMApoint>
        <x>1388</x>
        <y>1108</y>
        <label>1</label>
        <goldStandard>1</goldStandard>
      </TMApoint>
      <TMApoint>
        <x>1285</x>
        <y>1120</y>
        <label>1</label>
        <goldStandard>1</goldStandard>
      </TMApoint>
      <TMApoint>
        <x>1277</x>
        <y>1188</y>
        <label>1</label>
        <goldStandard>1</goldStandard>
      </TMApoint>
      <TMApoint>
        <x>1309</x>
        <y>1170</y>
        <label>1</label>
        <goldStandard>1</goldStandard>
      </TMApoint>
      <TMApoint>
        <x>1364</x>
        <y>1178</y>
        <label>1</label>
        <goldStandard>1</goldStandard>
      </TMApoint>
      <TMApoint>
        <x>1358</x>
        <y>1244</y>
        <label>1</label>
        <goldStandard>1</goldStandard>
      </TMApoint>
      <TMApoint>
        <x>1274</x>
        <y>1291</y>
        <label>1</label>
        <goldStandard>1</goldStandard>
      </TMApoint>
      <TMApoint>
        <x>1259</x>
        <y>1315</y>
        <label>1</label>
        <goldStandard>1</goldStandard>
      </TMApoint>
      <TMApoint>
        <x>1131</x>
        <y>1338</y>
        <label>1</label>
        <goldStandard>1</goldStandard>
      </TMApoint>
      <TMApoint>
        <x>1092</x>
        <y>1345</y>
        <label>1</label>
        <goldStandard>1</goldStandard>
      </TMApoint>
      <TMApoint>
        <x>1074</x>
        <y>1387</y>
        <label>1</label>
        <goldStandard>1</goldStandard>
      </TMApoint>
      <TMApoint>
        <x>1169</x>
        <y>1225</y>
        <label>1</label>
        <goldStandard>1</goldStandard>
      </TMApoint>
      <TMApoint>
        <x>1163</x>
        <y>1321</y>
        <label>1</label>
        <goldStandard>1</goldStandard>
      </TMApoint>
      <TMApoint>
        <x>1221</x>
        <y>1252</y>
        <label>1</label>
        <goldStandard>1</goldStandard>
      </TMApoint>
      <TMApoint>
        <x>1236</x>
        <y>1185</y>
        <label>1</label>
        <goldStandard>1</goldStandard>
      </TMApoint>
      <TMApoint>
        <x>1253</x>
        <y>1134</y>
        <label>1</label>
        <goldStandard>1</goldStandard>
      </TMApoint>
      <TMApoint>
        <x>1222</x>
        <y>1149</y>
        <label>1</label>
        <goldStandard>1</goldStandard>
      </TMApoint>
      <TMApoint>
        <x>1165</x>
        <y>1117</y>
        <label>1</label>
        <goldStandard>1</goldStandard>
      </TMApoint>
      <TMApoint>
        <x>1033</x>
        <y>1256</y>
        <label>0</label>
        <goldStandard>1</goldStandard>
      </TMApoint>
      <TMApoint>
        <x>1014</x>
        <y>1126</y>
        <label>0</label>
        <goldStandard>1</goldStandard>
      </TMApoint>
      <TMApoint>
        <x>988</x>
        <y>1148</y>
        <label>1</label>
        <goldStandard>1</goldStandard>
      </TMApoint>
      <TMApoint>
        <x>811</x>
        <y>1176</y>
        <label>0</label>
        <goldStandard>1</goldStandard>
      </TMApoint>
      <TMApoint>
        <x>801</x>
        <y>1226</y>
        <label>1</label>
        <goldStandard>1</goldStandard>
      </TMApoint>
      <TMApoint>
        <x>947</x>
        <y>1202</y>
        <label>1</label>
        <goldStandard>1</goldStandard>
      </TMApoint>
      <TMApoint>
        <x>933</x>
        <y>1229</y>
        <label>1</label>
        <goldStandard>1</goldStandard>
      </TMApoint>
      <TMApoint>
        <x>1082</x>
        <y>1192</y>
        <label>1</label>
        <goldStandard>1</goldStandard>
      </TMApoint>
      <TMApoint>
        <x>1141</x>
        <y>1104</y>
        <label>1</label>
        <goldStandard>1</goldStandard>
      </TMApoint>
      <TMApoint>
        <x>1066</x>
        <y>1071</y>
        <label>1</label>
        <goldStandard>1</goldStandard>
      </TMApoint>
      <TMApoint>
        <x>1142</x>
        <y>1151</y>
        <label>1</label>
        <goldStandard>1</goldStandard>
      </TMApoint>
      <TMApoint>
        <x>1125</x>
        <y>1169</y>
        <label>1</label>
        <goldStandard>1</goldStandard>
      </TMApoint>
      <TMApoint>
        <x>1038</x>
        <y>1159</y>
        <label>1</label>
        <goldStandard>1</goldStandard>
      </TMApoint>
      <TMApoint>
        <x>1060</x>
        <y>1212</y>
        <label>1</label>
        <goldStandard>1</goldStandard>
      </TMApoint>
      <TMApoint>
        <x>1114</x>
        <y>1225</y>
        <label>1</label>
        <goldStandard>1</goldStandard>
      </TMApoint>
      <TMApoint>
        <x>1077</x>
        <y>1247</y>
        <label>1</label>
        <goldStandard>1</goldStandard>
      </TMApoint>
      <TMApoint>
        <x>942</x>
        <y>1308</y>
        <label>1</label>
        <goldStandard>1</goldStandard>
      </TMApoint>
      <TMApoint>
        <x>964</x>
        <y>1345</y>
        <label>1</label>
        <goldStandard>1</goldStandard>
      </TMApoint>
      <TMApoint>
        <x>912</x>
        <y>1354</y>
        <label>1</label>
        <goldStandard>1</goldStandard>
      </TMApoint>
      <TMApoint>
        <x>856</x>
        <y>1311</y>
        <label>1</label>
        <goldStandard>1</goldStandard>
      </TMApoint>
      <TMApoint>
        <x>880</x>
        <y>1281</y>
        <label>1</label>
        <goldStandard>1</goldStandard>
      </TMApoint>
      <TMApoint>
        <x>890</x>
        <y>1234</y>
        <label>1</label>
        <goldStandard>1</goldStandard>
      </TMApoint>
      <TMApoint>
        <x>839</x>
        <y>1357</y>
        <label>1</label>
        <goldStandard>1</goldStandard>
      </TMApoint>
      <TMApoint>
        <x>782</x>
        <y>1365</y>
        <label>1</label>
        <goldStandard>1</goldStandard>
      </TMApoint>
      <TMApoint>
        <x>787</x>
        <y>1429</y>
        <label>1</label>
        <goldStandard>1</goldStandard>
      </TMApoint>
      <TMApoint>
        <x>995</x>
        <y>1418</y>
        <label>1</label>
        <goldStandard>1</goldStandard>
      </TMApoint>
      <TMApoint>
        <x>974</x>
        <y>1440</y>
        <label>1</label>
        <goldStandard>1</goldStandard>
      </TMApoint>
      <TMApoint>
        <x>1000</x>
        <y>1444</y>
        <label>1</label>
        <goldStandard>1</goldStandard>
      </TMApoint>
      <TMApoint>
        <x>1067</x>
        <y>1469</y>
        <label>1</label>
        <goldStandard>1</goldStandard>
      </TMApoint>
      <TMApoint>
        <x>1035</x>
        <y>1313</y>
        <label>1</label>
        <goldStandard>1</goldStandard>
      </TMApoint>
      <TMApoint>
        <x>1058</x>
        <y>1317</y>
        <label>1</label>
        <goldStandard>1</goldStandard>
      </TMApoint>
      <TMApoint>
        <x>1204</x>
        <y>1216</y>
        <label>1</label>
        <goldStandard>1</goldStandard>
      </TMApoint>
      <TMApoint>
        <x>1300</x>
        <y>1224</y>
        <label>1</label>
        <goldStandard>1</goldStandard>
      </TMApoint>
      <TMApoint>
        <x>1245</x>
        <y>1208</y>
        <label>1</label>
        <goldStandard>1</goldStandard>
      </TMApoint>
      <TMApoint>
        <x>1197</x>
        <y>1140</y>
        <label>1</label>
        <goldStandard>1</goldStandard>
      </TMApoint>
      <TMApoint>
        <x>1108</x>
        <y>1389</y>
        <label>1</label>
        <goldStandard>1</goldStandard>
      </TMApoint>
      <TMApoint>
        <x>1145</x>
        <y>1400</y>
        <label>1</label>
        <goldStandard>1</goldStandard>
      </TMApoint>
      <TMApoint>
        <x>1199</x>
        <y>1395</y>
        <label>1</label>
        <goldStandard>1</goldStandard>
      </TMApoint>
      <TMApoint>
        <x>1174</x>
        <y>1421</y>
        <label>1</label>
        <goldStandard>1</goldStandard>
      </TMApoint>
      <TMApoint>
        <x>1223</x>
        <y>1374</y>
        <label>1</label>
        <goldStandard>1</goldStandard>
      </TMApoint>
      <TMApoint>
        <x>1211</x>
        <y>1430</y>
        <label>1</label>
        <goldStandard>1</goldStandard>
      </TMApoint>
      <TMApoint>
        <x>1187</x>
        <y>1470</y>
        <label>1</label>
        <goldStandard>1</goldStandard>
      </TMApoint>
      <TMApoint>
        <x>1295</x>
        <y>1453</y>
        <label>1</label>
        <goldStandard>1</goldStandard>
      </TMApoint>
      <TMApoint>
        <x>1262</x>
        <y>1482</y>
        <label>1</label>
        <goldStandard>1</goldStandard>
      </TMApoint>
      <TMApoint>
        <x>1326</x>
        <y>1471</y>
        <label>0</label>
        <goldStandard>1</goldStandard>
      </TMApoint>
      <TMApoint>
        <x>1336</x>
        <y>1421</y>
        <label>0</label>
        <goldStandard>1</goldStandard>
      </TMApoint>
      <TMApoint>
        <x>1335</x>
        <y>1390</y>
        <label>1</label>
        <goldStandard>1</goldStandard>
      </TMApoint>
      <TMApoint>
        <x>1440</x>
        <y>1326</y>
        <label>1</label>
        <goldStandard>1</goldStandard>
      </TMApoint>
      <TMApoint>
        <x>674</x>
        <y>1312</y>
        <label>0</label>
        <goldStandard>1</goldStandard>
      </TMApoint>
      <TMApoint>
        <x>696</x>
        <y>1293</y>
        <label>0</label>
        <goldStandard>1</goldStandard>
      </TMApoint>
      <TMApoint>
        <x>691</x>
        <y>1226</y>
        <label>1</label>
        <goldStandard>1</goldStandard>
      </TMApoint>
      <TMApoint>
        <x>666</x>
        <y>1181</y>
        <label>1</label>
        <goldStandard>1</goldStandard>
      </TMApoint>
      <TMApoint>
        <x>628</x>
        <y>1272</y>
        <label>1</label>
        <goldStandard>1</goldStandard>
      </TMApoint>
      <TMApoint>
        <x>571</x>
        <y>1135</y>
        <label>1</label>
        <goldStandard>1</goldStandard>
      </TMApoint>
      <TMApoint>
        <x>599</x>
        <y>1113</y>
        <label>1</label>
        <goldStandard>1</goldStandard>
      </TMApoint>
      <TMApoint>
        <x>587</x>
        <y>1478</y>
        <label>0</label>
        <goldStandard>1</goldStandard>
      </TMApoint>
      <TMApoint>
        <x>681</x>
        <y>1487</y>
        <label>0</label>
        <goldStandard>1</goldStandard>
      </TMApoint>
      <TMApoint>
        <x>726</x>
        <y>1457</y>
        <label>0</label>
        <goldStandard>1</goldStandard>
      </TMApoint>
      <TMApoint>
        <x>759</x>
        <y>1386</y>
        <label>0</label>
        <goldStandard>1</goldStandard>
      </TMApoint>
      <TMApoint>
        <x>874</x>
        <y>1435</y>
        <label>1</label>
        <goldStandard>1</goldStandard>
      </TMApoint>
      <TMApoint>
        <x>832</x>
        <y>1434</y>
        <label>1</label>
        <goldStandard>1</goldStandard>
      </TMApoint>
      <TMApoint>
        <x>892</x>
        <y>1493</y>
        <label>1</label>
        <goldStandard>1</goldStandard>
      </TMApoint>
      <TMApoint>
        <x>944</x>
        <y>1481</y>
        <label>1</label>
        <goldStandard>1</goldStandard>
      </TMApoint>
      <TMApoint>
        <x>979</x>
        <y>1486</y>
        <label>1</label>
        <goldStandard>1</goldStandard>
      </TMApoint>
      <TMApoint>
        <x>1026</x>
        <y>1477</y>
        <label>1</label>
        <goldStandard>1</goldStandard>
      </TMApoint>
      <TMApoint>
        <x>1258</x>
        <y>1429</y>
        <label>1</label>
        <goldStandard>1</goldStandard>
      </TMApoint>
      <TMApoint>
        <x>1232</x>
        <y>1412</y>
        <label>1</label>
        <goldStandard>1</goldStandard>
      </TMApoint>
      <TMApoint>
        <x>844</x>
        <y>1388</y>
        <label>1</label>
        <goldStandard>1</goldStandard>
      </TMApoint>
      <TMApoint>
        <x>500</x>
        <y>1415</y>
        <label>0</label>
        <goldStandard>1</goldStandard>
      </TMApoint>
      <TMApoint>
        <x>526</x>
        <y>1432</y>
        <label>0</label>
        <goldStandard>1</goldStandard>
      </TMApoint>
      <TMApoint>
        <x>480</x>
        <y>1483</y>
        <label>1</label>
        <goldStandard>1</goldStandard>
      </TMApoint>
      <TMApoint>
        <x>544</x>
        <y>1351</y>
        <label>1</label>
        <goldStandard>1</goldStandard>
      </TMApoint>
      <TMApoint>
        <x>750</x>
        <y>1157</y>
        <label>0</label>
        <goldStandard>1</goldStandard>
      </TMApoint>
      <TMApoint>
        <x>738</x>
        <y>1204</y>
        <label>0</label>
        <goldStandard>1</goldStandard>
      </TMApoint>
      <TMApoint>
        <x>853</x>
        <y>1105</y>
        <label>1</label>
        <goldStandard>1</goldStandard>
      </TMApoint>
      <TMApoint>
        <x>839</x>
        <y>1145</y>
        <label>1</label>
        <goldStandard>1</goldStandard>
      </TMApoint>
      <TMApoint>
        <x>922</x>
        <y>1134</y>
        <label>1</label>
        <goldStandard>1</goldStandard>
      </TMApoint>
      <TMApoint>
        <x>961</x>
        <y>1113</y>
        <label>1</label>
        <goldStandard>1</goldStandard>
      </TMApoint>
      <TMApoint>
        <x>981</x>
        <y>1228</y>
        <label>1</label>
        <goldStandard>1</goldStandard>
      </TMApoint>
      <TMApoint>
        <x>967</x>
        <y>1253</y>
        <label>1</label>
        <goldStandard>1</goldStandard>
      </TMApoint>
      <TMApoint>
        <x>1007</x>
        <y>1250</y>
        <label>1</label>
        <goldStandard>1</goldStandard>
      </TMApoint>
      <TMApoint>
        <x>987</x>
        <y>1267</y>
        <label>1</label>
        <goldStandard>1</goldStandard>
      </TMApoint>
      <TMApoint>
        <x>749</x>
        <y>1313</y>
        <label>0</label>
        <goldStandard>1</goldStandard>
      </TMApoint>
      <TMApoint>
        <x>880</x>
        <y>1313</y>
        <label>1</label>
        <goldStandard>1</goldStandard>
      </TMApoint>
      <TMApoint>
        <x>1427</x>
        <y>1078</y>
        <label>1</label>
        <goldStandard>1</goldStandard>
      </TMApoint>
      <TMApoint>
        <x>1495</x>
        <y>1198</y>
        <label>1</label>
        <goldStandard>1</goldStandard>
      </TMApoint>
      <TMApoint>
        <x>1097</x>
        <y>1313</y>
        <label>1</label>
        <goldStandard>1</goldStandard>
      </TMApoint>
      <TMApoint>
        <x>1350</x>
        <y>637</y>
        <label>1</label>
        <goldStandard>1</goldStandard>
      </TMApoint>
      <TMApoint>
        <x>1374</x>
        <y>638</y>
        <label>1</label>
        <goldStandard>1</goldStandard>
      </TMApoint>
      <TMApoint>
        <x>1156</x>
        <y>673</y>
        <label>1</label>
        <goldStandard>1</goldStandard>
      </TMApoint>
      <TMApoint>
        <x>1240</x>
        <y>876</y>
        <label>1</label>
        <goldStandard>1</goldStandard>
      </TMApoint>
      <TMApoint>
        <x>781</x>
        <y>1193</y>
        <label>1</label>
        <goldStandard>1</goldStandard>
      </TMApoint>
      <TMApoint>
        <x>863</x>
        <y>1235</y>
        <label>1</label>
        <goldStandard>1</goldStandard>
      </TMApoint>
      <TMApoint>
        <x>1242</x>
        <y>972</y>
        <label>1</label>
        <goldStandard>1</goldStandard>
      </TMApoint>
      <TMApoint>
        <x>1380</x>
        <y>1290</y>
        <label>1</label>
        <goldStandard>1</goldStandard>
      </TMApoint>
      <TMApoint>
        <x>1294</x>
        <y>1394</y>
        <label>1</label>
        <goldStandard>1</goldStandard>
      </TMApoint>
      <TMApoint>
        <x>1457</x>
        <y>393</y>
        <label>1</label>
        <goldStandard>1</goldStandard>
      </TMApoint>
      <TMApoint>
        <x>799</x>
        <y>1497</y>
        <label>0</label>
        <goldStandard>1</goldStandard>
      </TMApoint>
    </nuclei>
    <param__r>-1</param__r>
    <param__t1>-1</param__t1>
    <param__t2>-1</param__t2>
    <param__nsuperpx>0</param__nsuperpx>
   <param__smoothness>-1</param__smoothness>
    <param__lab__space>true</param__lab__space>
    <param__bgx>-1</param__bgx>
    <param__bgy>-1</param__bgy>
  </TMAspot>
</list>